--
-- PostgreSQL database dump
--

-- Dumped from database version 16.0 (Debian 16.0-1.pgdg120+1)
-- Dumped by pg_dump version 16.0 (Ubuntu 16.0-1.pgdg20.04+1)

SET statement_timeout = 0;
SET lock_timeout = 0;
SET idle_in_transaction_session_timeout = 0;
SET client_encoding = 'UTF8';
SET standard_conforming_strings = on;
SELECT pg_catalog.set_config('search_path', '', false);
SET check_function_bodies = false;
SET xmloption = content;
SET client_min_messages = warning;
SET row_security = off;

--
-- Name: pgcrypto; Type: EXTENSION; Schema: -; Owner: -
--

CREATE EXTENSION IF NOT EXISTS pgcrypto WITH SCHEMA public;


--
-- Name: EXTENSION pgcrypto; Type: COMMENT; Schema: -; Owner: 
--

COMMENT ON EXTENSION pgcrypto IS 'cryptographic functions';


SET default_tablespace = '';

SET default_table_access_method = heap;

--
-- Name: access_data; Type: TABLE; Schema: public; Owner: postgres
--

CREATE TABLE public.access_data (
    accessdataid integer NOT NULL,
    name character varying(50) NOT NULL,
    email character varying(50) NOT NULL,
    password text NOT NULL,
    identifiedpersonid integer
);


ALTER TABLE public.access_data OWNER TO postgres;

--
-- Name: access_data_accessdataid_seq; Type: SEQUENCE; Schema: public; Owner: postgres
--

CREATE SEQUENCE public.access_data_accessdataid_seq
    AS integer
    START WITH 1
    INCREMENT BY 1
    NO MINVALUE
    NO MAXVALUE
    CACHE 1;


ALTER SEQUENCE public.access_data_accessdataid_seq OWNER TO postgres;

--
-- Name: access_data_accessdataid_seq; Type: SEQUENCE OWNED BY; Schema: public; Owner: postgres
--

ALTER SEQUENCE public.access_data_accessdataid_seq OWNED BY public.access_data.accessdataid;


--
-- Name: identified_persons; Type: TABLE; Schema: public; Owner: postgres
--

CREATE TABLE public.identified_persons (
    identifiedpersonid integer NOT NULL,
    name character varying(50) NOT NULL,
    dateandtimeoffirstrecognition timestamp without time zone NOT NULL,
    dateandtimeoflastrecognition timestamp without time zone NOT NULL
);


ALTER TABLE public.identified_persons OWNER TO postgres;

--
-- Name: identified_persons_identifiedpersonid_seq; Type: SEQUENCE; Schema: public; Owner: postgres
--

CREATE SEQUENCE public.identified_persons_identifiedpersonid_seq
    AS integer
    START WITH 1
    INCREMENT BY 1
    NO MINVALUE
    NO MAXVALUE
    CACHE 1;


ALTER SEQUENCE public.identified_persons_identifiedpersonid_seq OWNER TO postgres;

--
-- Name: identified_persons_identifiedpersonid_seq; Type: SEQUENCE OWNED BY; Schema: public; Owner: postgres
--

ALTER SEQUENCE public.identified_persons_identifiedpersonid_seq OWNED BY public.identified_persons.identifiedpersonid;


--
-- Name: images; Type: TABLE; Schema: public; Owner: postgres
--

CREATE TABLE public.images (
    imageid integer NOT NULL,
    faceencoding bytea NOT NULL,
    identifiedpersonid integer,
    unidentifiedpersonid integer,
    dateandtime timestamp without time zone NOT NULL,
    CONSTRAINT check_ids CHECK ((((identifiedpersonid IS NOT NULL) AND (unidentifiedpersonid IS NULL)) OR ((identifiedpersonid IS NULL) AND (unidentifiedpersonid IS NOT NULL))))
);


ALTER TABLE public.images OWNER TO postgres;

--
-- Name: images_imageid_seq; Type: SEQUENCE; Schema: public; Owner: postgres
--

CREATE SEQUENCE public.images_imageid_seq
    AS integer
    START WITH 1
    INCREMENT BY 1
    NO MINVALUE
    NO MAXVALUE
    CACHE 1;


ALTER SEQUENCE public.images_imageid_seq OWNER TO postgres;

--
-- Name: images_imageid_seq; Type: SEQUENCE OWNED BY; Schema: public; Owner: postgres
--

ALTER SEQUENCE public.images_imageid_seq OWNED BY public.images.imageid;


--
-- Name: total_system_statistics; Type: TABLE; Schema: public; Owner: postgres
--

CREATE TABLE public.total_system_statistics (
    totalsystemstatisticsid integer NOT NULL,
    dateandtime timestamp without time zone NOT NULL,
    numberofimages integer NOT NULL,
    numberofidentifiedpersons integer NOT NULL,
    numberofunidentifiedpersons integer NOT NULL,
    typeofchangeid integer NOT NULL
);


ALTER TABLE public.total_system_statistics OWNER TO postgres;

--
-- Name: total_system_statistics_totalsystemstatisticsid_seq; Type: SEQUENCE; Schema: public; Owner: postgres
--

CREATE SEQUENCE public.total_system_statistics_totalsystemstatisticsid_seq
    AS integer
    START WITH 1
    INCREMENT BY 1
    NO MINVALUE
    NO MAXVALUE
    CACHE 1;


ALTER SEQUENCE public.total_system_statistics_totalsystemstatisticsid_seq OWNER TO postgres;

--
-- Name: total_system_statistics_totalsystemstatisticsid_seq; Type: SEQUENCE OWNED BY; Schema: public; Owner: postgres
--

ALTER SEQUENCE public.total_system_statistics_totalsystemstatisticsid_seq OWNED BY public.total_system_statistics.totalsystemstatisticsid;


--
-- Name: types_of_changes; Type: TABLE; Schema: public; Owner: postgres
--

CREATE TABLE public.types_of_changes (
    typeofchangeid integer NOT NULL,
    description character varying(150) NOT NULL
);


ALTER TABLE public.types_of_changes OWNER TO postgres;

--
-- Name: types_of_changes_typeofchangeid_seq; Type: SEQUENCE; Schema: public; Owner: postgres
--

CREATE SEQUENCE public.types_of_changes_typeofchangeid_seq
    AS integer
    START WITH 1
    INCREMENT BY 1
    NO MINVALUE
    NO MAXVALUE
    CACHE 1;


ALTER SEQUENCE public.types_of_changes_typeofchangeid_seq OWNER TO postgres;

--
-- Name: types_of_changes_typeofchangeid_seq; Type: SEQUENCE OWNED BY; Schema: public; Owner: postgres
--

ALTER SEQUENCE public.types_of_changes_typeofchangeid_seq OWNED BY public.types_of_changes.typeofchangeid;


--
-- Name: unidentified_persons; Type: TABLE; Schema: public; Owner: postgres
--

CREATE TABLE public.unidentified_persons (
    unidentifiedpersonid integer NOT NULL,
    dateandtimeoffirstrecognition timestamp without time zone NOT NULL,
    dateandtimeoflastrecognition timestamp without time zone NOT NULL
);


ALTER TABLE public.unidentified_persons OWNER TO postgres;

--
-- Name: unidentified_persons_unidentifiedpersonid_seq; Type: SEQUENCE; Schema: public; Owner: postgres
--

CREATE SEQUENCE public.unidentified_persons_unidentifiedpersonid_seq
    AS integer
    START WITH 1
    INCREMENT BY 1
    NO MINVALUE
    NO MAXVALUE
    CACHE 1;


ALTER SEQUENCE public.unidentified_persons_unidentifiedpersonid_seq OWNER TO postgres;

--
-- Name: unidentified_persons_unidentifiedpersonid_seq; Type: SEQUENCE OWNED BY; Schema: public; Owner: postgres
--

ALTER SEQUENCE public.unidentified_persons_unidentifiedpersonid_seq OWNED BY public.unidentified_persons.unidentifiedpersonid;


--
-- Name: access_data accessdataid; Type: DEFAULT; Schema: public; Owner: postgres
--

ALTER TABLE ONLY public.access_data ALTER COLUMN accessdataid SET DEFAULT nextval('public.access_data_accessdataid_seq'::regclass);


--
-- Name: identified_persons identifiedpersonid; Type: DEFAULT; Schema: public; Owner: postgres
--

ALTER TABLE ONLY public.identified_persons ALTER COLUMN identifiedpersonid SET DEFAULT nextval('public.identified_persons_identifiedpersonid_seq'::regclass);


--
-- Name: images imageid; Type: DEFAULT; Schema: public; Owner: postgres
--

ALTER TABLE ONLY public.images ALTER COLUMN imageid SET DEFAULT nextval('public.images_imageid_seq'::regclass);


--
-- Name: total_system_statistics totalsystemstatisticsid; Type: DEFAULT; Schema: public; Owner: postgres
--

ALTER TABLE ONLY public.total_system_statistics ALTER COLUMN totalsystemstatisticsid SET DEFAULT nextval('public.total_system_statistics_totalsystemstatisticsid_seq'::regclass);


--
-- Name: types_of_changes typeofchangeid; Type: DEFAULT; Schema: public; Owner: postgres
--

ALTER TABLE ONLY public.types_of_changes ALTER COLUMN typeofchangeid SET DEFAULT nextval('public.types_of_changes_typeofchangeid_seq'::regclass);


--
-- Name: unidentified_persons unidentifiedpersonid; Type: DEFAULT; Schema: public; Owner: postgres
--

ALTER TABLE ONLY public.unidentified_persons ALTER COLUMN unidentifiedpersonid SET DEFAULT nextval('public.unidentified_persons_unidentifiedpersonid_seq'::regclass);


--
-- Data for Name: access_data; Type: TABLE DATA; Schema: public; Owner: postgres
--

COPY public.access_data (accessdataid, name, email, password, identifiedpersonid) FROM stdin;
1	Sam	sam@yandex.ru	$1$0./Mq8kZ$5iC/Po2p3MWzefEH/uVz31	\N
\.


--
-- Data for Name: identified_persons; Type: TABLE DATA; Schema: public; Owner: postgres
--

COPY public.identified_persons (identifiedpersonid, name, dateandtimeoffirstrecognition, dateandtimeoflastrecognition) FROM stdin;
3	Соня	2023-09-28 12:43:57.563489	2023-09-28 12:44:33.853739
5	Миша	2023-09-28 12:44:57.213331	2023-09-28 12:45:41.063353
4	Даня	2023-09-28 12:44:37.215682	2023-09-28 12:45:56.782313
2	Аня	2023-09-28 12:43:48.074895	2023-09-28 12:46:00.784288
1	Полина	2023-09-28 12:43:22.132669	2023-09-28 12:46:39.788246
\.


--
-- Data for Name: images; Type: TABLE DATA; Schema: public; Owner: postgres
--

COPY public.images (imageid, faceencoding, identifiedpersonid, unidentifiedpersonid, dateandtime) FROM stdin;
1	\\x8004958b040000000000008c156e756d70792e636f72652e6d756c74696172726179948c0c5f7265636f6e7374727563749493948c056e756d7079948c076e6461727261799493944b0085944301629487945294284b014b80859468038c0564747970659493948c02663894898887945294284b038c013c944e4e4e4affffffff4affffffff4b0074946289420004000000000040dd0ac2bf00000000c867a93f000000a0f5b1a1bf000000607f83bbbf0000004088f5b9bf000000c00465923f00000080e2a0a1bf00000040393fc0bf00000000240dc83f00000000fde1bcbf00000020124acb3f000000803b57a43f00000080790accbf0000006068d6b9bf000000801a0daf3f00000060615fc13f00000060e989c0bf000000c098fac8bf0000006027ada8bf000000406daaabbf00000060c334993f000000e0d515a43f000000e0be6080bf000000c0f967b83f000000c0c563c0bf000000605f96d5bf00000080688bbebf00000080fe4aadbf000000e0f28da4bf0000004038bda7bf00000000a8f5a3bf000000404521c73f000000801d22c1bf00000060a278a7bf00000040689ab03f000000401039c53f00000080c28f93bf00000040fe0db1bf000000008c5dc63f00000080057475bf000000e04953cdbf000000c03723a3bf00000020b96abb3f000000e0618ed23f00000020de4fd03f000000000792a9bf00000000b0a26bbf000000804776913f000000205b87b83f00000040e800cebf000000408867b13f000000c004c9c23f000000e0a01fb83f000000807b93b53f000000e01ca9a23f00000060d339c4bf000000e090a7953f000000c03a58bf3f00000080384dcbbf000000009725adbf000000a0f72f993f000000a0fcb6c9bf000000405749afbf00000000707daabf000000209e94cb3f000000a0d970c73f000000a0caa9bdbf00000020dafcc4bf000000c0a2b3c63f00000020dcd4c0bf00000040c53bbcbf000000004069a63f000000e0da6ecdbf00000060b4c6c8bf000000c03b39d3bf00000040a840aa3f00000020fb44d63f000000a05ee0c33f000000a0bf1dc1bf00000020e684c13f00000080ef5c80bf00000040174c873f000000a00c3da73f00000020a3acba3f00000000a7bf91bf000000c05561953f0000002088adb2bf000000e0e8edb03f00000020a2e6c73f000000a0fe28a23f000000a07570b5bf00000000bf25cc3f000000003407443f00000020f6c5983f00000060f1ccc03f000000600dc6bd3f000000001fbfa93f00000020c821a7bf000000c0e3c9cabf000000c01bc3793f00000040c6ed903f000000c01575b4bf00000040de65733f00000020b33cbb3f000000e02c6dc7bf000000a07d9cc43f000000807d62a33f000000e03077a93f000000e09004a9bf000000209aeaacbf000000408e47acbf000000004320883f00000080f3edbc3f00000000c8d8d2bf0000000085b6c63f000000e0acbfc13f00000080ba44a53f000000003102cb3f0000006077ceab3f0000004061bda33f000000007a3d673f000000c0b6cebfbf000000805bfdc6bf000000404332b0bf00000040d586ba3f000000c04cdea23f000000400449b73f0000000013e0b93f947494622e	1	\N	2023-09-28 12:43:22.14619
2	\\x8004958b040000000000008c156e756d70792e636f72652e6d756c74696172726179948c0c5f7265636f6e7374727563749493948c056e756d7079948c076e6461727261799493944b0085944301629487945294284b014b80859468038c0564747970659493948c02663894898887945294284b038c013c944e4e4e4affffffff4affffffff4b00749462894200040000000000c079fac3bf00000080318da53f000000c0f6359abf000000e0a57cbabf000000605efcbcbf00000060ec12883f00000000ac01a5bf000000a0466bb5bf00000000f233c13f0000006030dbbabf00000000c1a0c93f00000000ce1a5fbf00000080e942cfbf0000000050a8b9bf0000002052aba33f000000e0c267c43f000000e08c2dbcbf0000000062fdc9bf000000c0e256abbf000000e0691193bf000000c0e0dea13f000000a098628a3f000000c065cc90bf00000080c2e2bb3f000000c0dbd0b4bf000000e07d49d7bf000000e0fcf1bfbf000000c00e00b1bf000000e00edcabbf000000401e70b1bf00000040770674bf000000807a90c03f000000001f37c4bf000000a0b44ab0bf00000040a5229d3f000000c0142fc53f00000020d58a96bf000000c039f9b3bf00000020b0e5c63f000000801f147bbf000000e0dae1cfbf000000a0e77197bf000000209ce5bb3f00000060d177d23f000000c0ed4ec93f0000008030a4813f00000000213d7b3f000000e00468a83f000000a04c4cb43f00000060c603d1bf000000001deeb23f00000000ffe8bf3f00000060af00b73f000000200a97b13f00000000ef009a3f00000080e673c2bf00000000878da93f00000000c888c53f00000000d5cfcdbf00000080cc24a1bf000000806f17943f00000080b20ec5bf00000000fab7a1bf00000000caf0a7bf000000608301d03f000000604881c63f000000806877bdbf000000001d55c2bf000000c02db3cb3f000000000d38c0bf000000c00aa6bdbf00000080bb149e3f000000603ccfc8bf000000a09335c7bf000000e08d08d4bf000000809044b73f000000a09a78d83f000000406251c23f000000200bb9bcbf000000e0951abe3f000000807d7979bf000000c07e49703f000000c034bd963f000000600bebb73f0000004089bd99bf0000000068c74ebf000000e066efb5bf000000801311a23f000000e05992c83f000000c0bc6aac3f000000a08d5faebf00000040f9d1c93f0000000052f28f3f00000060a5e7983f00000000d1ccbe3f000000c02d4bbc3f00000040c7c2a53f000000c05a26a1bf00000080ed6acabf000000809978a23f00000000caf37d3f000000a0c269b7bf00000080704696bf000000a03447bc3f000000e01995c6bf00000060c3c9c13f000000a093f1953f000000201702893f00000040ea22b0bf000000205b0e503f000000a090ccb4bf00000040507c5f3f000000804653ba3f00000020623dd2bf000000803d1ac73f000000e0f01cc63f000000a064e4af3f000000001869c73f000000800365b83f00000020d0a1a53f000000800e039f3f00000040a22ac0bf000000602bf7cdbf000000801ca4b9bf000000a0c942c13f000000c002eb983f00000020b3b8b23f00000000525dbf3f947494622e	1	\N	2023-09-28 12:43:25.409598
3	\\x8004958b040000000000008c156e756d70792e636f72652e6d756c74696172726179948c0c5f7265636f6e7374727563749493948c056e756d7079948c076e6461727261799493944b0085944301629487945294284b014b80859468038c0564747970659493948c02663894898887945294284b038c013c944e4e4e4affffffff4affffffff4b00749462894200040000000000407623c4bf000000a0b055a93f00000080d4669abf0000008073eeb8bf0000006073f6bebf0000000021ec843f000000a0256ba4bf000000a03aacb5bf0000000076c9c03f000000803109bebf000000005385cc3f0000000090857c3f00000060a015d0bf000000004bc9b8bf000000c091ab75bf000000802aefc53f00000000fef2c1bf000000206a30c6bf00000000efbfb2bf00000040be9d79bf000000c0ccdc9e3f000000e0f901833f000000802112803f0000006073a8b53f00000040b613a8bf00000020d015dabf000000c0487cb9bf000000e0f9beb0bf000000600dffaebf00000000095cabbf00000000dcc033bf0000002018a5c43f00000000858ec4bf00000040f52db1bf000000e0f8e6863f00000080932ac43f00000020b176a1bf00000080a0dcacbf000000808b03ca3f000000c0ec7485bf000000a02efacebf00000080ef8793bf00000060dcb2bb3f000000c0c3aed33f0000000042a7ca3f00000080569a6cbf00000040ff2e963f0000002025579e3f000000e02656b23f00000020b463d1bf00000040e9f7aa3f00000000bbf9be3f000000e09f98b53f000000c0e8b4b13f00000000ccf1963f000000e0c76cc0bf000000e0ead3a73f000000c07d5bc23f0000004034f6ccbf000000c0ef15aabf0000008083e5a23f000000c03990c5bf000000a0937ea9bf000000a0e678afbf000000e0b0d6d03f000000a04763c53f000000a0a235bebf000000409869c2bf00000000542dcb3f000000c028e6c0bf00000060496cbabf00000040b348953f000000c0d1e5c7bf000000405342c8bf0000004044cdd3bf000000a0f6b7b63f0000002060efd73f000000e05935c43f00000020482bbbbf000000604de1ba3f000000c0a3df8ebf000000a0315c97bf000000602293a93f000000e0eff8ba3f000000802c4281bf00000080ad206e3f00000040e5e8b4bf000000c0e370a83f0000002007aac63f000000001022a33f0000000003e0b2bf000000607003ca3f0000004064729f3f000000a0c38b873f000000a03cacbd3f00000080bd5fba3f000000c0c4b1a03f0000004024bf83bf000000a00861cfbf00000040bc5fae3f00000040fdbe72bf000000403dc7b5bf0000008016a597bf0000000005b2b43f00000000e892c1bf00000000e534c03f000000208309753f000000c0711b8a3f0000004055bca9bf000000a0dd39a0bf0000004071a7b8bf000000e0b5c089bf0000002068aaba3f000000e09d5cd1bf000000e0ee76c73f00000000486bc53f00000000d0a2b13f000000e09c1bc93f00000020dd32bd3f00000020a760a73f00000060dcca9e3f00000080bff7bdbf0000008062f5cebf00000040af99b8bf000000204038c23f00000020ff32a23f0000002069b4b43f00000000c3c7b93f947494622e	1	\N	2023-09-28 12:43:28.586197
4	\\x8004958b040000000000008c156e756d70792e636f72652e6d756c74696172726179948c0c5f7265636f6e7374727563749493948c056e756d7079948c076e6461727261799493944b0085944301629487945294284b014b80859468038c0564747970659493948c02663894898887945294284b038c013c944e4e4e4affffffff4affffffff4b00749462894200040000000000607519c8bf000000403983a93f000000c087e8a6bf000000407212b9bf000000e07f9bbfbf00000000fe96993f00000040c0db90bf0000006022f5b3bf00000080272fc33f00000040669fbfbf0000002083fccc3f000000a0d1f3983f00000060a1a1cdbf000000606aa9bdbf0000006065518f3f0000008025d3c53f00000080fcb1c3bf00000080ab6fc8bf00000080cddaa0bf00000000473a52bf000000206e36a13f000000c0c55f5d3f00000080129882bf000000805b7cbb3f00000020db40b3bf00000060f84ed8bf00000080823ebdbf000000e03ccbb4bf00000080568fa4bf00000020b62db3bf000000e0b15c85bf00000080a7a8c43f000000c0f68ec3bf000000404e8cb2bf000000c0d466a33f00000080e9b9c73f00000040515c5ebf00000020c7019fbf00000020e6eec53f000000002985833f000000e0d8ddcebf0000004049baa5bf00000000ffa8b83f000000806337d53f00000020a12bc93f000000a0c295903f00000080d05573bf0000000041f2a63f00000080942ab63f000000c01f14d1bf000000801828a53f000000605a88bc3f0000008081d4bf3f000000409df0a53f000000c0e841923f000000c006bdc1bf00000040bb16ae3f000000a09081bf3f0000000045bfcfbf00000040de15a4bf0000006007ed9f3f000000c0ade2c7bf0000004073b1a0bf0000004038cea4bf00000080c08cd03f00000060c3e8c43f000000400d6cc0bf00000020f963c1bf000000805564ca3f000000a0d959c0bf00000040beceb7bf0000004043c9a13f00000000d165c8bf000000a0c737c9bf000000c08bb2d3bf000000c005bdb33f00000020b8b8d83f000000c0ac6bc53f000000405541bbbf000000808d0eb83f000000c0b65666bf000000803b7c58bf000000c0076fa33f000000c0e3f9bf3f00000000d8169fbf000000609ba9813f0000006084b0b8bf00000060a779a53f00000040d19bc43f000000a09a67a53f000000406bd9b1bf00000020428bc63f0000000062955abf000000e0920e9d3f00000020f420bc3f000000a0aff7ba3f000000607571933f00000080629c93bf00000020de1bcbbf00000020dd369e3f000000c04f928cbf000000009e84b7bf000000a073058cbf000000c0e9caba3f000000a009e8c2bf0000008072c6be3f000000e0114a82bf00000000c61d693f000000002371b3bf00000040a67598bf00000020791db6bf000000c01fb6603f00000020ea0db73f000000a028a6d1bf00000060b2f5c73f000000800cd3c73f0000006065669d3f000000a06d97c83f000000e0daf4b93f000000206cbea13f00000000a7d6913f00000080dfe3bdbf000000c03c3ecbbf000000c04cd5babf000000c0f914c13f00000000de8f81bf000000802ed3b93f000000009488ad3f947494622e	1	\N	2023-09-28 12:43:31.734823
5	\\x8004958b040000000000008c156e756d70792e636f72652e6d756c74696172726179948c0c5f7265636f6e7374727563749493948c056e756d7079948c076e6461727261799493944b0085944301629487945294284b014b80859468038c0564747970659493948c02663894898887945294284b038c013c944e4e4e4affffffff4affffffff4b00749462894200040000000000405a7ac3bf000000007e51a53f000000809c108f3f0000004081c0b9bf00000080a73bb9bf000000a06bc08b3f000000a0c72fa4bf0000002038fab9bf00000040bf72c03f00000040a138bebf00000020d4a7cd3f000000e08239943f0000008076e2cfbf00000060d4f5bbbf000000c043c0943f00000000622ec43f00000000f884c0bf000000c0f215c6bf000000009f64a6bf00000040de9c99bf000000400d86913f000000208c01933f000000a0223a7dbf000000a072dfb33f000000804304b9bf000000201dafd7bf00000020c713bcbf000000009869b2bf00000040c6c7b4bf00000060d5d4b1bf000000406845753f00000060c3b3c13f000000c029c3c1bf000000c0be5eacbf00000000df00933f000000406ec3c23f0000004036c8a5bf00000040fc0ababf00000040a3a4c83f000000800dd985bf000000a011d5d0bf000000400c81a8bf00000000d2febd3f000000e04029d33f000000801b5bcc3f000000002125aebf00000060ee82863f000000803332a23f000000c0f68abc3f000000a02002d2bf000000a0e6e1a93f000000806923bc3f00000080087cb53f000000a02570b53f00000060abaa953f000000206b34c0bf000000409d81a93f000000203ba6c63f00000080651ecebf000000c02abda8bf00000040ec15a63f000000003842c7bf000000a05db29dbf000000207b30a0bf00000000f623ca3f0000008011d5c73f000000e01de8bebf00000040606cc4bf00000080c0d1c83f000000c0b556c0bf000000c00da3babf0000000066c8ac3f000000000c85c9bf000000606906cbbf000000609741d4bf000000609198b53f00000080f4fcd73f00000020bd89c43f000000c06822b7bf000000e0e462b23f00000020dd1a9dbf0000004064c36d3f000000800d22ae3f000000405798b83f000000c0b609823f00000040317492bf000000c09e81b2bf00000040d5a0a83f000000c01f44c93f000000c0c1c4a93f000000e0d28db7bf00000000cb01c93f000000c09b448b3f0000008016cb7b3f000000e00165bb3f0000006051c4c03f000000a0577b9d3f00000000340a823f00000020d775ccbf000000208430b03f000000e0398f84bf00000000b5b2b5bf00000080b7355b3f000000207b1cbc3f00000020a5b3c5bf000000e0a838c43f0000002019c5a13f00000000a714953f00000080786da1bf0000002089e5a5bf000000c017d2b4bf0000004096b4943f00000060317dba3f000000609020d2bf0000000011eec63f000000e0c053c53f0000000050eeb33f000000a038d2c83f000000209a8bb83f0000004040268f3f00000000d4b4913f000000c01041c3bf000000a08c19cdbf000000206052b5bf0000008029d6bd3f000000008ee7a33f00000060eca6b43f000000801ec1b43f947494622e	1	\N	2023-09-28 12:43:34.874848
6	\\x8004958b040000000000008c156e756d70792e636f72652e6d756c74696172726179948c0c5f7265636f6e7374727563749493948c056e756d7079948c076e6461727261799493944b0085944301629487945294284b014b80859468038c0564747970659493948c02663894898887945294284b038c013c944e4e4e4affffffff4affffffff4b00749462894200040000000000e0e7ffc6bf000000809545a43f000000c097736c3f00000080bc37bbbf00000060f7f1b9bf000000008fe98b3f000000c065f9a5bf00000080a9bdb8bf000000e018dfc13f00000000f646bfbf000000e02c55cc3f0000008007ce923f000000207a00d1bf000000e0ae35bbbf00000000da6b6b3f00000040f81bc63f00000040ee1cc2bf000000e076d3c7bf00000080d5f2a4bf00000000743392bf000000a08d9a9c3f000000601f6b8a3f000000e061057b3f000000206abeb93f0000002034b3b9bf000000a05856d7bf000000e04cf2babf000000c06107b4bf000000203584bcbf00000000fe3db1bf000000803487923f00000060ae93c13f0000006025a8c3bf000000c00456a5bf000000000b886b3f000000c056f9c33f000000e0d3cc9ebf000000005eeab4bf00000060823eca3f00000000d9ae593f00000080471dd1bf000000e0d9aaa7bf00000040ac16bf3f000000403728d33f00000040ca6acd3f000000801b36a3bf0000000060572c3f00000040976c9d3f00000020ebe1ba3f000000a0ad34d2bf000000c0b9bba83f0000008069c3bf3f0000004096d2b53f000000e09a7ab33f000000000a82963f000000c03c63c0bf000000c02181aa3f000000408c0cc53f00000040511acdbf00000000a773a9bf000000c09998a03f000000202308c7bf000000a0c2099ebf000000e05317a3bf000000a07098cd3f00000080c4cbc73f000000602382c0bf000000a07672c2bf000000e0e0eaca3f00000040a0d2bfbf00000020fcf2bdbf000000804285ae3f00000000bcfec8bf00000040cf7dcbbf000000604f74d3bf000000e01ce8b43f00000060e7ffd73f000000e09e82c33f00000060b7e9babf000000803487b63f000000e0442497bf000000803f1782bf000000c01808a73f000000e08a39be3f00000000eabb813f000000a0ac7587bf00000080973bb3bf0000000023b7a53f0000002084b2c83f000000e004bfa93f0000008087fbb3bf00000040af8cca3f000000c01ffd953f000000009466603f000000807c28be3f000000c07f6cc03f000000c0779f9c3f000000a009ca873f00000020cca0cdbf000000e0dc6eaa3f000000c07d2978bf000000206728b4bf000000a0851e76bf000000004a3fb43f000000000ad9c3bf000000600fd1c23f00000060b2ae9e3f0000004000d07d3f000000e03f8cabbf000000c0b0fea2bf0000006013d8b5bf000000404978973f000000a07982ba3f000000800600d2bf000000e07d36c93f000000003942c33f00000000df2ead3f000000a080a0c93f000000009e92ba3f000000200cd2a83f0000008097cd8d3f00000020b999c1bf000000406a6ecbbf000000804ac2b7bf000000200a19c13f000000605bcea13f000000407dcdbb3f00000080a967b63f947494622e	1	\N	2023-09-28 12:43:38.346457
7	\\x8004958b040000000000008c156e756d70792e636f72652e6d756c74696172726179948c0c5f7265636f6e7374727563749493948c056e756d7079948c076e6461727261799493944b0085944301629487945294284b014b80859468038c0564747970659493948c02663894898887945294284b038c013c944e4e4e4affffffff4affffffff4b00749462894200040000000000807e76c8bf000000607b5da33f000000e0f94670bf000000203e91b8bf00000020e9f8b5bf00000080facb8f3f00000020b12399bf000000c0d686bcbf000000e0890abf3f000000c013e9bdbf000000403e57cd3f00000040ebfe68bf000000805206d1bf000000a00720bebf00000000519f773f000000806f62c63f00000040bfd0c0bf00000040c464cabf000000c09db5a8bf000000804c6ca9bf000000a0616e9b3f00000060a08495bf000000e070c48a3f00000000b8b9bb3f000000e09963b7bf00000080aca7d7bf00000080ff04bdbf00000000440eb5bf000000406cd7b2bf000000602f78b3bf00000080adfe933f000000e07e39c03f000000604d39c6bf00000000c4a3a3bf000000401e9585bf000000e062eec23f00000080d9ed93bf000000c076cab9bf00000000f8e9c73f0000004010da99bf000000a03b69d0bf000000a07bbea3bf000000e00bb9be3f000000a08e1dd33f0000004045cacb3f00000040765fa3bf000000001253733f000000a0a981a43f00000080cf59b53f000000c0f67dd0bf00000080e406a63f000000c0d07dbe3f000000e0e4bbb83f000000e06362a93f0000004043f7853f000000c05ff2bebf000000a0f483a33f000000207cb2c43f000000207c3bccbf00000020a143a3bf000000c054ae943f000000e0a61cc5bf00000060275ca6bf00000060ddb5aabf000000a04737cd3f000000405cd0c73f000000601a67c1bf000000608f39c0bf00000080fa2dcd3f000000a0f511bdbf00000060088eb4bf00000060eb7eab3f000000c0a27dcabf00000000fe60ccbf000000005990d2bf000000c0b10ab83f000000406f0ed93f000000802316c23f000000c016e1b6bf000000602728ba3f00000060bd7695bf00000080d98b8e3f0000004012c19c3f000000e06ea3bf3f00000020f17d93bf0000000047d55c3f000000807249b4bf000000e0f20fb13f00000080faadc63f000000c09968ac3f00000040506bb7bf000000a02880c93f00000000ca566abf0000008036047cbf0000002064b3bc3f000000c0ff36c13f00000000c89ca03f00000080904163bf000000607d5cccbf00000040a18da43f00000000bfdb6a3f00000040222fb6bf000000e0253288bf00000080ca4eb33f000000e0f7cfc1bf00000080d567be3f000000000e25a13f000000a08520983f000000c0d681a9bf000000e09dce92bf000000c0fc39b3bf0000000079758f3f0000008024e2b63f000000c0e224d2bf000000c0b0f3c63f000000c02ce5c53f000000c07883ac3f00000080571dc83f000000800472bb3f000000a07022a63f000000c012c4a03f000000407afcc1bf0000000001dfcbbf000000c0a17db5bf000000008a91c13f000000c0891d9d3f00000060386eba3f000000806b75b63f947494622e	1	\N	2023-09-28 12:43:41.68442
8	\\x8004958b040000000000008c156e756d70792e636f72652e6d756c74696172726179948c0c5f7265636f6e7374727563749493948c056e756d7079948c076e6461727261799493944b0085944301629487945294284b014b80859468038c0564747970659493948c02663894898887945294284b038c013c944e4e4e4affffffff4affffffff4b00749462894200040000000000c0ebe7c5bf000000406062a53f000000c0038b83bf00000040b1b6babf000000c0164cbebf000000005292443f000000a0a0eea1bf000000c08e3db8bf000000c0d670be3f000000e087a4babf00000040db63cd3f000000602841753f000000a0c057d1bf00000000da3bbcbf000000201c0480bf00000040e5d1c73f0000006039d8c1bf000000c0d290c6bf000000a0f590acbf00000080addf8fbf000000c05a8da43f000000c02f89983f000000406d39843f000000a005ddb63f000000a08dabb5bf00000040e950d8bf000000206cb2bbbf000000c0550db2bf00000080052ab6bf000000408b49b1bf000000c0bea9963f00000000fd00c33f000000c048e6c4bf000000c0d008b1bf00000000145e9c3f000000c04895c33f000000208e329fbf00000040e80eb5bf00000080e9a6c93f00000040282b83bf000000809bdfd0bf000000e00412a0bf000000808a66c13f0000004082e0d23f00000000badcc83f0000006026598dbf0000006008598f3f000000e0eddf8d3f000000a0461cb43f00000020ba72d2bf00000000df89ab3f000000c0efd8ba3f00000020426fb53f0000008087cdae3f0000008098908a3f00000060f6abc1bf00000040f3f1ab3f000000e04b98c63f00000040a1d3cfbf000000c04fa5a7bf000000405421aa3f000000204fcfc6bf00000080d9aea4bf00000000e78da6bf000000e08251cf3f000000c0685dc63f0000004096ffc0bf000000e0cfeac0bf0000008007b3cb3f000000600043bfbf00000040c420b7bf00000080622cab3f000000a02b6ac6bf00000000e3e1cabf0000006029d7d3bf000000401fb9b63f000000207755d93f000000007084c33f000000c01f5fb8bf000000c055d6b43f0000000087ea96bf00000000dfcd6f3f000000c04960a73f00000000533fba3f000000a049e688bf000000e0c5e986bf00000080dfe7b4bf000000805a51ab3f000000a08ccbc73f000000806249a83f000000802fdeb0bf000000408af2cb3f00000060e83fa13f000000e09f4d8f3f000000807be7bc3f000000c0ce8dbe3f000000404bb2973f000000a0a6dc7fbf000000a02563ccbf000000c0027bb03f000000a062a585bf000000e0c0b9b5bf00000000f9475bbf000000007596b83f000000c0a3dbc1bf000000e0e9efbf3f00000060830a8c3f00000000a83174bf00000000634eaabf00000000e146a2bf000000400fa3b3bf00000080720870bf000000c06182b73f00000020f8d4d1bf00000020e21cc73f0000008008b7c43f000000c08795af3f000000e0377ac93f000000809db1bc3f0000004075a3a73f00000040730a973f00000000aee7c2bf000000808579cebf000000a0997cb5bf000000a01ec4c33f00000000fbfd8c3f000000808e84ba3f000000201825b53f947494622e	1	\N	2023-09-28 12:43:44.923184
12	\\x8004958b040000000000008c156e756d70792e636f72652e6d756c74696172726179948c0c5f7265636f6e7374727563749493948c056e756d7079948c076e6461727261799493944b0085944301629487945294284b014b80859468038c0564747970659493948c02663894898887945294284b038c013c944e4e4e4affffffff4affffffff4b00749462894200040000000000e0f44fc5bf000000404bbec13f00000040ab8a9c3f000000800a1fb0bf000000805e0cc5bf000000e0f66fa43f00000060bdf790bf000000402996b9bf00000040c91ebb3f00000040bf99b4bf00000000c0ddcc3f00000060f965b1bf00000060e200d1bf000000800d25bfbf00000080fb52a33f00000000fd41c63f00000040dd02c3bf000000a00d16c1bf000000c02db9bbbf000000e0dbe695bf000000202e6794bf000000209f5fa23f000000007e3395bf0000008092a7a33f000000803e02c3bf00000000441fd6bf00000000f51c64bf00000080b1e4bebf000000e05a42a2bf000000204f34a2bf0000004074aa97bf0000002094f7b53f00000040d581c6bf00000060ed0796bf00000020d445a03f000000e0639fc03f0000000015dac0bf000000008a498fbf00000080f92bc73f00000080af2eabbf000000c0f8facdbf000000c0c6caa3bf0000000021e4c03f000000407df7c73f00000020589acd3f00000040a7074f3f00000000e50f70bf00000080aaa7a0bf0000006018f4c73f00000080563fd6bf0000004066fc933f000000802b30c43f00000060d98fb73f000000603e77b63f000000c0ba3bab3f000000c0b0d1c6bf000000008aa892bf000000c0d5fabf3f000000c0146cd0bf000000202d5f9cbf00000000728766bf00000000b831b6bf0000002006dcb7bf000000c09012acbf000000e05b82c93f000000a0bed4c13f000000c00172bdbf000000e0f0bcc3bf000000e07dfcc83f0000000034c9c6bf00000080761652bf000000404c0dc43f00000000c4afbabf00000040bbe8cebf00000020f9a8cfbf000000007601b03f000000609bdbd53f00000080dd2ac13f000000807b6eb7bf0000000026ab94bf000000209cebb1bf000000808ccfb9bf00000000c961a7bf000000e06138863f000000004cb74b3f000000c04781b5bf00000000b402b8bf000000c0bd319b3f0000008033e2cc3f000000e078b7bbbf00000040c56ab53f0000002023c5d13f00000080169faf3f00000000e35183bf000000c0a0729dbf000000a06148ae3f000000403b4ababf00000000404995bf000000406a55c2bf00000000cbf0a0bf0000002087b3733f000000c000b3b8bf0000004027057e3f00000000ae56b03f000000e088d9c9bf000000e0603ec73f00000080ba0c7bbf0000008032547ebf0000004093ada7bf000000809d28bebf000000809dd6a9bf00000060932d97bf00000060161dc53f00000040d702cbbf000000e000cac73f00000080db2abf3f00000040dcac9f3f00000080c9b4c43f00000020e191b13f0000000099c8723f000000401474873f000000c0105cb9bf000000e0d384c6bf0000008088bbb7bf000000404775b83f0000004069e7adbf000000404d1ca4bf00000020eca49b3f947494622e	3	\N	2023-09-28 12:43:57.580184
9	\\x8004958b040000000000008c156e756d70792e636f72652e6d756c74696172726179948c0c5f7265636f6e7374727563749493948c056e756d7079948c076e6461727261799493944b0085944301629487945294284b014b80859468038c0564747970659493948c02663894898887945294284b038c013c944e4e4e4affffffff4affffffff4b00749462894200040000000000e06822c0bf000000407e8a9c3f000000a08c5c953f0000000058c998bf0000008037cac7bf00000080535aad3f000000a0b501a3bf000000c0419abbbf000000a020e9c43f000000402d2fc5bf0000002035ffc23f000000c0b928a23f000000c0b97fcdbf000000c0792d84bf00000060d31ca2bf000000a0ddb3c93f00000020fb24a4bf00000000616bc5bf00000080b02fbcbf000000a0686ebbbf000000408dfd9a3f00000080b75372bf000000a0a81ea03f000000a0cf3caf3f000000e05a9fc6bf000000600a9fd5bf000000a032a2b7bf000000c0e31abbbf0000004064afbbbf0000004038eeb9bf000000400d4ea13f000000e0bf57b33f00000060db11c1bf00000060af719b3f000000004829313f00000000b9a29c3f000000e0b220b1bf000000403fc396bf000000a04e0aca3f000000407603a43f000000a0f1c9cbbf000000809d9bb93f00000040174ca63f00000000d363d03f00000060a6b2c13f000000a07770a63f0000000043bdb93f000000002f11b4bf000000e04092b83f000000001942d3bf00000040567d8c3f000000a0e4adc03f00000080ba95ac3f000000406982943f000000600e979f3f00000020c0f7bdbf00000040576fad3f000000804075b93f00000000fae1c9bf000000805ad5b53f000000c01cd8b13f0000004067a3c0bf000000401874bcbf0000000097665f3f000000407d3fd03f0000004060f8c53f000000803df5c2bf0000000038fcbfbf0000006072dbc33f00000000d4a4c3bf0000000006f8a7bf000000a0cd0aad3f000000607d1fc4bf000000c0411ccdbf000000804043d1bf000000c0f0bcaa3f000000e09fe5df3f000000a0259dc43f0000000041c8c7bf0000008025b1683f00000060ddfbc0bf0000008043a6b53f000000207d90a13f0000000036a8b93f000000e0c8929cbf000000c0fbbfc2bf000000404e77b8bf000000c04c5d9d3f000000e054a1c93f000000600508a6bf000000c028b19fbf00000060e01ccd3f0000000040c7c03f00000000e7b6683f000000008781a2bf000000c0f76abe3f00000040d5bac1bf000000c0c54db0bf00000040f8c3b0bf00000080bef399bf000000402c36a3bf00000000d324833f000000c02c79973f00000020597cb43f000000a0c780c9bf000000800aa2d03f00000020b71bb3bf000000c034aaabbf000000803beba1bf0000006065ebb13f00000000108dadbf00000080a6e199bf000000208d7fb13f000000a0cea2d0bf000000a0a8b7c03f000000808258cc3f000000c0ddfd953f000000400b0cc53f000000401004ae3f000000007e74b33f000000c057589bbf00000040223e883f000000c0be27c8bf000000400163bcbf0000006084fba33f00000020438da1bf000000c0d5f0763f000000202a16a73f947494622e	2	\N	2023-09-28 12:43:48.089592
10	\\x8004958b040000000000008c156e756d70792e636f72652e6d756c74696172726179948c0c5f7265636f6e7374727563749493948c056e756d7079948c076e6461727261799493944b0085944301629487945294284b014b80859468038c0564747970659493948c02663894898887945294284b038c013c944e4e4e4affffffff4affffffff4b00749462894200040000000000e02b4ac4bf0000000099218e3f00000040885da13f00000000d74c8c3f000000006510c3bf000000c0c4abae3f00000080218b92bf00000000aaefbabf000000e09d8fc43f0000000007f4c2bf0000004037a3c33f00000000ee619e3f000000807901cebf00000040c17081bf00000080ce399fbf000000c0d9e4c73f000000c0cdbe913f000000a0c052c5bf000000a0b61dbabf000000c0c00dbbbf00000040ce8ca43f000000a0301f973f0000006083f1923f000000206a99ac3f00000040c72fc5bf000000400b0cd5bf000000401eefb7bf000000401aa3b5bf000000409a2cbbbf000000c03c0abbbf0000008047568c3f000000e031bab33f00000000cba7bcbf00000040bca7993f0000008059a487bf00000040f5efab3f0000002051b5b6bf000000c0ae8991bf000000a016dcc93f00000040639aad3f000000600784cdbf000000606ea8b33f000000e09f69b13f000000e0d9ead13f00000000528ebd3f00000020f20a9f3f00000040257db33f000000a07d59b3bf000000406965ad3f000000c0172fd4bf00000080b94c783f000000802975c23f000000e0c502ae3f000000a038eaa13f000000c0b1b99b3f0000004066bcbcbf000000a00c659b3f00000020d745b03f00000060df4fc8bf00000000312ebb3f000000209b26b13f000000c0def0babf0000000020bfc0bf0000000020fb86bf000000e00927cb3f000000c0be90c83f000000406a82c3bf000000a08d12bdbf00000060f220c03f000000c0cf3dc6bf000000a05ef3b1bf000000e0faaeb03f00000000c5d7c2bf00000040788fd0bf000000c02722d1bf000000c0c64bae3f00000040f5a5de3f000000408060c13f000000a03c1fc6bf000000c0645b7e3f0000006064adb8bf000000606fd2b03f000000e07ef9a63f00000020a3c2b93f00000000ed4fa2bf00000060b5bfbbbf000000a09bacb5bf00000060bca9a23f000000c081cfc93f00000020b8a0a2bf00000060974399bf000000000781cc3f000000002084c03f000000c0de41973f000000e0b55a98bf000000c0e66bc53f000000c0b7e8b9bf00000040b0f3adbf00000080ad4bbabf000000406b0f99bf0000004050da87bf000000c02bad85bf000000a08f4da43f000000000d24ae3f000000608138c9bf00000040a726d13f0000000063299cbf0000004055c4a9bf000000801b126cbf000000c077ffb23f000000a00c94b7bf000000c0c34489bf00000080b4efb43f000000c03ea2cdbf00000060617dbf3f000000a0f57ccc3f000000c00725993f000000207ec7c23f000000a0a5afb83f000000a0b3bab23f000000c002988fbf000000806e37863f000000207605c7bf000000809fe5b8bf0000004040009b3f000000e01d949ebf000000c006389cbf000000a04c6fa93f947494622e	2	\N	2023-09-28 12:43:51.354204
11	\\x8004958b040000000000008c156e756d70792e636f72652e6d756c74696172726179948c0c5f7265636f6e7374727563749493948c056e756d7079948c076e6461727261799493944b0085944301629487945294284b014b80859468038c0564747970659493948c02663894898887945294284b038c013c944e4e4e4affffffff4affffffff4b00749462894200040000000000a00bccc0bf000000e05eab9b3f0000004016b59e3f000000c01cdb7cbf00000020eb85c5bf000000e02dc2b13f000000c057589abf000000806c97b4bf000000a01d28c83f000000e0ecb0c2bf00000040de81c33f00000080f69eab3f00000020233ecebf0000004062038e3f00000000eed29fbf000000000c1bc93f00000040f5be81bf000000c0e14cc6bf00000040975abbbf0000000016ebb6bf0000006066409e3f000000c031c8713f000000205223883f0000000006d9b03f00000080829cc4bf000000208460d5bf00000040a1b6b6bf000000c097f4b3bf0000004068c6bdbf00000000fe0bb9bf00000040960da03f00000000ec63b73f0000000024eebfbf000000e043b1a33f000000404ed890bf000000408319ac3f00000020f7dbb3bf000000801aec8abf00000000d19dc93f000000a04d2aad3f00000020e442cdbf00000060498bb93f000000c0fccfa23f000000a0e7d0d13f0000006047dcc03f000000400226a53f00000080706db63f000000408402b3bf0000000097c8b43f000000c04a22d4bf000000c0af10a43f00000020759fc33f000000605549ad3f0000008028d9a53f000000608427993f000000a065b6bebf0000000091cba43f0000000020fbb13f00000060ed2dcabf0000000047aab73f000000802e8dae3f000000c0daa3bbbf000000e0304abebf00000020441c9cbf000000200db5cc3f000000c0c9d4c83f000000e00671c3bf00000000ed51c1bf0000004067e3bf3f000000203a16c6bf000000e0187cb0bf000000c0fe7cb23f00000080f402c5bf000000a0440ccebf000000208745d2bf0000004087edb03f000000a0d363de3f000000000dd7c13f000000e0410fc7bf00000080e2d26a3f000000200028babf0000000014c3ae3f000000804e378c3f000000609e50ba3f0000002045d29fbf000000e08339bfbf000000209a6dbabf000000005e4fa13f0000002032b1c93f000000403a25a2bf00000000182da1bf000000a09e7fce3f000000c0d053c03f000000007d9b6dbf00000020b005a3bf00000040ed88c63f00000060ee41bcbf000000008525b0bf00000040873cb5bf00000040658ca3bf000000605cc087bf000000801ae7613f00000080cb438c3f000000407002b03f000000a0de50cabf000000e0609dd13f000000e04aa6afbf000000207df59bbf000000e00edf8abf000000200deeb23f0000000005e2b5bf000000a071819dbf000000606da2b73f00000040dabacebf000000603e14c03f000000001c11ca3f000000c067058d3f000000006c0fc23f000000e02b38b03f00000060363fb83f0000002060c7a5bf000000c0c1a1743f00000020e609c7bf00000080daf3b9bf000000000e7c963f00000080d2358ebf000000008a658ebf000000007373b13f947494622e	2	\N	2023-09-28 12:43:54.571965
13	\\x8004958b040000000000008c156e756d70792e636f72652e6d756c74696172726179948c0c5f7265636f6e7374727563749493948c056e756d7079948c076e6461727261799493944b0085944301629487945294284b014b80859468038c0564747970659493948c02663894898887945294284b038c013c944e4e4e4affffffff4affffffff4b00749462894200040000000000c0aa98c1bf00000080d61fa73f000000a0a0d2ab3f000000e0d64ba1bf00000020e62bc9bf000000207e0eaf3f000000809f36a7bf000000802d66bcbf000000c05fbcc33f00000080c2c3c3bf00000000b054c33f000000002e3da43f00000040f624cebf000000e08225863f000000406a3997bf000000a05689ca3f000000201ea9a1bf0000002078bdc3bf000000607c52bbbf000000c0fdebb7bf00000040de15863f00000000b6411dbf000000a0b398943f000000609477ac3f0000008078a2c3bf000000206616d7bf000000006a49b6bf00000080c132afbf000000804cf2b9bf00000060d0c9b7bf000000204a44763f00000040b4cbb63f000000c0eaddbbbf000000c085eaa03f00000000580049bf00000040b1b0a33f000000e0dd6eb6bf000000006e3393bf0000006070b4ca3f000000c0e44cb13f000000e03ccccabf000000607571b33f000000806475ae3f000000000779d13f00000020eddac43f000000c0e17ba53f00000080de9abf3f00000080c987b8bf00000060b57bb83f000000c01cb1d3bf000000c0809d8c3f000000c0944ec23f00000060668eaf3f000000200fe3a43f00000080d8cca23f000000e00befc1bf000000805af8973f000000c049bfb83f000000202fd4c8bf0000000041ecbb3f0000000088a6b03f000000e0e837c0bf0000004038aebebf00000080c06da1bf0000002088fdd03f000000c00262c83f000000a043e5c4bf00000000ec30c2bf000000000878c23f000000a02cfec2bf000000c006c2b2bf000000405d45a13f00000020b53ec5bf00000040bc3fccbf000000c09d09d3bf000000400da4a63f000000c0524edc3f00000020a572c23f00000000ec25cabf000000c032909ebf00000080a2ccc0bf000000a0f4eeac3f0000008094a3993f00000080cd61bd3f000000c0868da0bf000000a049ffc3bf000000201279b5bf00000080066d7c3f000000606e04ca3f000000c0d19cabbf000000e03fb987bf00000060a684cd3f000000609361c13f00000000d07e2cbf0000000031adacbf000000406d49c43f00000000e265c5bf000000a00d4faabf0000006002d7b6bf000000e0d99fa6bf000000c07f50a6bf000000405ba98abf000000c038b2a63f00000000e2e9b83f00000080a1f3ccbf000000c00c9fd13f000000a00396b1bf000000803087a4bf00000040f4c992bf0000006050bda93f000000c0b947b3bf000000400e30a7bf000000602936b63f00000020a2a0cfbf000000402b7fbf3f000000e06d5acf3f00000060063e973f000000e01218c43f0000000057dcb13f0000000046e3b73f00000000280d9bbf00000000a1fd9f3f000000404ee1c3bf000000404cf1b5bf00000000b44e903f000000a0b3999bbf000000c02720a4bf000000a0e4dcaf3f947494622e	2	\N	2023-09-28 12:44:01.024903
15	\\x8004958b040000000000008c156e756d70792e636f72652e6d756c74696172726179948c0c5f7265636f6e7374727563749493948c056e756d7079948c076e6461727261799493944b0085944301629487945294284b014b80859468038c0564747970659493948c02663894898887945294284b038c013c944e4e4e4affffffff4affffffff4b00749462894200040000000000e0f63abebf00000080249aa33f00000040b1c89e3f00000000008581bf00000060b195c1bf000000806cdfac3f000000c0b23696bf000000002694c0bf000000205876c43f00000000ff92c7bf000000a0a394b73f000000803ff0923f000000809b56cebf000000e002c3a33f00000020e7c2abbf00000000e968cf3f00000040fb44a4bf000000209837c8bf0000004053e8c1bf000000605bd5bcbf000000203ce7a03f000000c06f709a3f000000c00ab6a03f00000020b2b4b13f00000080d069c1bf0000008053aed2bf000000204445bbbf00000060ba36b0bf00000080e32cbdbf00000060030db7bf000000605fde773f00000060053bb53f000000c0096dbcbf000000c09816b13f00000000e77051bf000000c0dcbda83f000000a0d77e9bbf00000020d438a1bf00000000cefdc93f00000060cf8da93f00000000f855cebf000000c084bfb03f000000c06e3eb63f00000000657cd03f000000000652c13f00000040d75e933f000000808764b33f000000c0ab2fb8bf000000e02513b73f000000a020e3d2bf00000020b529943f000000204a28bf3f000000e017cd9c3f000000c0a7dfab3f000000a048839b3f00000040b582c3bf00000080d28da53f000000c009c3bc3f000000a074c4c6bf00000060b433bb3f00000080be82af3f000000e04dcdc3bf000000608844bfbf000000c0250a9bbf000000000447ca3f000000408f57c53f0000006079b3c2bf000000c02fb3c4bf00000080795cc43f00000000c54dc5bf000000a054b5a7bf000000e0fb14ae3f000000e06792c3bf00000080aa90cdbf0000002011a2d1bf000000a05a51993f000000803558de3f0000002024b0c13f000000c0dad7c6bf000000c021099e3f00000060fa96b3bf00000060fb35a53f000000e0f9e5a63f000000805c89c33f00000000ebc3613f00000080eb17babf000000006806babf000000c034f3a13f0000008015aeca3f000000c0f309acbf00000040b60b93bf000000608bfbcc3f00000080136fb93f00000040a60291bf000000c00a70a9bf000000c02a3bc63f000000a037ccc0bf000000609e9ca4bf000000c07d7bbbbf000000c0a2309dbf000000c0eb6aa9bf00000080a55c77bf000000e02a248ebf000000e07690a93f000000c07887c6bf00000080c03ed03f000000402cccacbf000000808244abbf00000060a155b0bf000000004081a53f00000060a661b2bf000000e0779e85bf000000801ffcba3f000000008c39cdbf000000008256b93f000000404f7dce3f000000e08e746cbf00000080c14cc43f000000c0d201a83f000000a0fea4c13f000000802b586abf000000002898663f000000c09796cabf000000604602b8bf00000080470faa3f000000e03a43a0bf000000407c659fbf000000e00548b23f947494622e	2	\N	2023-09-28 12:44:04.783925
16	\\x8004958b040000000000008c156e756d70792e636f72652e6d756c74696172726179948c0c5f7265636f6e7374727563749493948c056e756d7079948c076e6461727261799493944b0085944301629487945294284b014b80859468038c0564747970659493948c02663894898887945294284b038c013c944e4e4e4affffffff4affffffff4b00749462894200040000000000a02511c6bf0000004075eba03f00000020f97eb13f000000404fa98d3f000000c05b74babf000000c0c771b53f00000080108582bf0000004057cbb5bf0000004045d8c63f000000406fc2c2bf00000020a62bc33f000000e0250ca63f000000802040cebf000000c0c7d7953f000000a0440c9fbf000000409002c93f00000060ee027fbf00000060ac46c4bf000000e066b7babf000000008e7fbcbf00000020c568a43f000000c0b9a8973f0000006087c19f3f000000a03205aa3f000000a0ae85c5bf00000080551cd4bf000000c0e24fb5bf000000c058c9b5bf0000002004aeb8bf000000607a93babf00000060a4f27a3f000000c01a26b13f000000a08d2cb9bf00000040b3b7aa3f0000004066d785bf000000406e0aae3f00000040beedb6bf00000080e87da5bf00000040417dca3f000000c03bd7ab3f000000a08750c9bf00000080154cac3f000000c0854fb43f0000004085c0d13f000000805540c03f000000a0be19a03f00000020f770b13f00000080fb37b7bf000000e0170ab53f000000a0e8fad4bf00000000f6d879bf00000040af93c13f000000c057c9aa3f000000008214b23f000000c093fda33f00000040c548bdbf00000060fa07a13f0000000082d2b13f000000e0bd1ec8bf00000080db07bf3f000000004ceaa73f000000400c2ebcbf0000004005fcc0bf00000080c0cea0bf00000080e0facb3f000000e0b6c2c93f000000a009f0c5bf000000a0f0e8bbbf000000c03392c13f000000a095b5c4bf000000c0eb57b1bf000000202da7b33f00000040271dc2bf000000a0b24ed0bf00000000b3a4cfbf00000080843ea83f000000000e2cdd3f000000a0ae2cc33f000000c0ac14c6bf00000060c03789bf0000006086b1b7bf00000080d487ac3f000000e01c59963f00000080f014c13f0000004013ebacbf000000e0f298bcbf000000403f73b2bf000000e04268933f000000201361ca3f000000c0c99492bf000000406fcf98bf000000e0b7decc3f000000c0be8fc03f000000a063c7843f00000080ce85a4bf00000000769cc53f0000000037b2bebf000000c088f2b2bf00000000db2fc0bf00000000de6cadbf00000000ca5da3bf000000006ae978bf000000205cc99c3f00000000f93cb13f00000000504ac9bf000000206f03d13f000000a02e19a1bf000000001593acbf000000a080257d3f000000e06441b23f000000007c5eb4bf00000020d3cc80bf000000004e65b43f00000000bcfdcdbf000000207551b73f000000203500cd3f0000006016cfa03f000000404082c23f000000a033d5b33f000000e03b36bb3f00000080b8c395bf00000040e47b9b3f000000806fe9c5bf00000020faa8b7bf000000000217983f000000c0648a94bf000000004e33a5bf000000e049b1a33f947494622e	2	\N	2023-09-28 12:44:07.79462
14	\\x8004958b040000000000008c156e756d70792e636f72652e6d756c74696172726179948c0c5f7265636f6e7374727563749493948c056e756d7079948c076e6461727261799493944b0085944301629487945294284b014b80859468038c0564747970659493948c02663894898887945294284b038c013c944e4e4e4affffffff4affffffff4b007494628942000400000000006099a8b7bf000000800678c13f000000e086bb9f3f00000060e4ccb5bf000000403ad3cbbf000000005b8699bf00000060c661a5bf000000a0daf3a7bf00000020ea6ec73f000000e0ae17b9bf000000e02032d23f000000808c94913f000000a0a4aec8bf000000a0eae5bcbf000000404598ad3f000000c071a5c13f00000000cf95bcbf00000040e4dbbcbf000000007421bbbf000000801d5f70bf00000000f4359d3f000000406616a63f0000000003ea6abf00000060073b8bbf0000002004a5b2bf000000c04fefd8bf0000004086b4a5bf000000607e01b5bf00000080d6edaa3f00000040e7e1bfbf0000000008012d3f000000a027f2bb3f000000e0e49ac3bf00000040dde1bdbf000000405671943f000000c040e8b03f00000040ea4ac5bf00000080ebc4a2bf0000006061afc53f00000000bb7aa6bf0000000061e8cdbf00000040649a98bf000000201013a93f000000802b16cc3f000000c007afd03f000000c045147bbf00000080a80ba63f00000040ed7bbabf0000004040f1c03f000000a0dfbdd1bf000000800a1f9f3f00000000b5fabe3f00000040d05dc13f000000400235ad3f00000060f5c9ba3f00000040a30bb2bf000000602793a33f00000020879bbe3f000000802820d4bf000000808256773f000000808b7db23f000000a0b3c4c1bf000000c03786b7bf00000000eff9b1bf000000a02682c73f00000020c8e7bb3f00000040f958aebf00000060a1f8c9bf000000809debc43f00000080458ac9bf000000806ec3b8bf000000a03b54c23f000000c06e4bb7bf0000008035b5ccbf000000002ac4d3bf000000001200763f000000a008b6d53f000000c00160c33f000000e0dc5dc0bf000000605c32913f000000a018208abf00000020c05bbdbf00000020ba08a03f00000060986faa3f00000000a8dd63bf000000a06f2dc2bf000000c0a9c1b9bf000000c05f6e9c3f0000008061e6ca3f0000000053b9babf00000060b0c1883f00000060991ccc3f000000c0882cad3f0000006020f9923f000000c0dcc58bbf00000020fb43ad3f0000000019dbb2bf000000c032d49f3f000000a009dfbebf00000060015680bf000000c03e6779bf00000000573bb4bf000000204c2699bf000000e0650db63f000000c06c89c1bf00000020b43bc73f000000e0e7d5a0bf000000607c938d3f00000060a92097bf000000201efcc1bf000000809353a9bf000000a0bb6cafbf000000c00ee0c03f000000005ef7cbbf00000080f4b6c93f00000000f77bc33f00000040df3aa63f000000407318c13f00000020c202a53f00000000ec8562bf0000006023f3983f00000040e97ababf000000002fb8cbbf000000603a07a9bf00000080ed47a43f000000400abfabbf000000806e1993bf000000407551973f947494622e	3	\N	2023-09-28 12:44:04.626166
17	\\x8004958b040000000000008c156e756d70792e636f72652e6d756c74696172726179948c0c5f7265636f6e7374727563749493948c056e756d7079948c076e6461727261799493944b0085944301629487945294284b014b80859468038c0564747970659493948c02663894898887945294284b038c013c944e4e4e4affffffff4affffffff4b00749462894200040000000000002288c2bf000000008bf7bf3f000000a03266ae3f000000e0f4fdb4bf000000c02192c3bf000000e0d9e7aebf000000c025efa93f000000a0db8db7bf000000006500c93f000000c07579afbf000000606856d23f000000804ecb713f000000407efacdbf000000606585abbf000000208b69903f000000c00565c23f0000002067d9bfbf000000c0ef32bebf000000a0034cc1bf000000209f4b90bf00000040c471b13f0000006075c5b63f000000808896983f000000c0e28d8a3f00000040c9dab7bf000000001ce5d6bf0000002099a5a4bf000000c08288a7bf00000040c1b8a43f000000c0115eb2bf00000060e63dab3f000000803a5fbd3f00000040a641c6bf000000808722b7bf000000c059e0b33f000000e0860cb63f000000a0af8bbbbf00000000b340b7bf000000408341cb3f00000000a47fb0bf0000006007f0d0bf0000004080eaadbf000000c06a7cbd3f00000080cbafcd3f000000e0c464d03f00000020ad1ca8bf000000a0d3c798bf000000e0b301c0bf000000e06eaac23f000000a0272ad2bf000000004b74743f00000020c0a9c13f0000004010e3b03f000000804a209c3f000000a0536bb93f000000a0db58b0bf00000040fe26963f00000080dab7be3f00000000b34cd4bf00000000e151a5bf0000004020c1b43f000000a0c1fdc3bf0000008044f4b1bf000000204039bcbf000000e0ee9ec03f000000e09f86b13f0000006095ddbdbf000000401b2fc6bf000000c0288ac73f000000a07802cabf000000a0d79ca6bf00000080ef68c03f000000604f70b9bf000000a012d9c9bf000000c08c28d3bf000000201b809ebf000000a098a3d93f0000004029eab13f00000040546eb5bf0000006009d2a83f0000000046eab0bf000000e0e983bebf0000000088b876bf000000406e3bac3f00000080fd28853f000000002f9bbfbf000000e07c40bcbf0000000011d8a83f0000002061a7cf3f000000401246b2bf000000e0ba4d983f000000809795d13f000000009290873f000000c0fab6a3bf000000801b5f5abf000000e001fdbb3f000000606fafbdbf000000005e5b8d3f000000009d0ec2bf00000080257e863f000000c0d62b9bbf000000c05389b8bf000000808a4f413f00000020da1ac03f00000040f12fc7bf000000a0c33bc13f000000c03e9d7abf00000080f380973f0000000098e4a03f000000600662c3bf000000608f03b5bf000000a063dbb6bf000000402ad6be3f00000060d95bcbbf000000e0c06dc63f00000040c6cbba3f00000060df03953f000000e0741ebd3f000000c0cbdf9a3f000000c0c8838a3f00000000d1d19d3f000000c0a7feb2bf000000a02b13cbbf000000008f68a9bf0000002039a6a23f000000c046f7aabf0000006008cb87bf00000020bc54903f947494622e	3	\N	2023-09-28 12:44:10.974882
18	\\x8004958b040000000000008c156e756d70792e636f72652e6d756c74696172726179948c0c5f7265636f6e7374727563749493948c056e756d7079948c076e6461727261799493944b0085944301629487945294284b014b80859468038c0564747970659493948c02663894898887945294284b038c013c944e4e4e4affffffff4affffffff4b00749462894200040000000000c05198babf00000060e5d8c13f000000608e95993f000000c0f006b5bf0000006031b8c6bf000000a0e024a4bf0000006085daa4bf00000040a508b8bf000000e0724bc63f000000a0676bb8bf000000e06bd3d23f00000000c7ce75bf000000c07e22cdbf00000040e939babf000000000f23913f00000040e2aac33f000000e0fcaebfbf000000a06d91bcbf000000e08643c0bf000000e064ca8b3f000000e0269da13f000000608415a93f000000a024d0793f00000080f750843f000000408583a9bf000000403d6bd8bf000000002defa0bf000000600533b8bf000000c00913923f000000800281b9bf00000040a6867a3f000000809786bb3f000000002e5ac0bf000000601452b8bf000000e06bc9a93f00000020abc6b43f000000e0e328c6bf000000c07939a8bf00000000c20bc83f000000e099d1b3bf000000e0d482d0bf000000a00f9ca0bf000000001442b43f000000203337cc3f000000c0d0c1d13f000000c083fa96bf000000202f8b8b3f000000601053bebf00000000c6e1c13f000000602971d3bf0000008023e59d3f000000008e0ec13f00000020d37abd3f000000208fc0a83f000000007297be3f000000e0e1cbbabf000000609fc98b3f00000060b61dc23f000000c0e51fd4bf000000e0145096bf000000c04abdb43f000000a0612dc2bf00000020132db8bf000000605052b7bf000000c0c52cc43f000000803f99bc3f00000020585dbebf000000e071f3c6bf000000201790c53f000000a076f3cabf000000c0daf1a8bf000000c0ded6c23f0000002084d0b9bf0000000095b4cfbf00000060a3c3d3bf00000000496169bf00000080bc1ad73f00000000e916c23f000000a0ab30b8bf00000080bb7475bf000000005a499cbf000000a0eeddbabf00000060ea977dbf00000060fdb99d3f000000202ac187bf000000a0ef9ac3bf000000c0ececbbbf00000040e465883f000000a0b519c73f000000a04f77b6bf0000004073f99a3f00000000a5a8ce3f000000c067b8933f000000400c9299bf00000000fd7694bf00000020646eb73f000000e0b241babf00000040b5b8743f000000202405c3bf00000080245f7dbf000000008010a5bf000000a00e99bbbf000000c0386c90bf00000020577eb83f000000807471c2bf0000000018f3c23f000000a00da3a2bf00000060dbad953f000000e00d5f70bf000000a0d94dc2bf000000e0801fb1bf00000000d53cb2bf000000c0dccac23f000000604eebcabf00000060c2f4c53f0000008027a1c03f000000c09b56b43f000000205a59c13f000000a004daa93f000000000e0b603f000000003053753f000000a0c943bdbf00000020100dcebf000000400d86a9bf000000607a0aa13f00000080612f9ebf000000201f6f99bf000000601c94843f947494622e	3	\N	2023-09-28 12:44:14.276467
19	\\x8004958b040000000000008c156e756d70792e636f72652e6d756c74696172726179948c0c5f7265636f6e7374727563749493948c056e756d7079948c076e6461727261799493944b0085944301629487945294284b014b80859468038c0564747970659493948c02663894898887945294284b038c013c944e4e4e4affffffff4affffffff4b00749462894200040000000000c03060c6bf00000040a2f7a93f000000609979b43f000000e01386b3bf000000606868c1bf000000809c4c93bf00000080934e9ebf000000002e8cbebf000000004aa0c63f0000000095d7b8bf0000000011a4d33f000000c0d2e5aabf000000a03d7dcbbf000000809dffb3bf000000e0808fa9bf000000c0c8c8c63f000000404bcac2bf000000a0cf84b8bf00000040e506b6bf0000008075a09ebf000000e0b290b23f00000020d607b13f000000c01d8a85bf000000c013b0773f00000040e9dfaabf000000e0eed6d7bf00000000fd5aa2bf000000806a02b5bf000000c06bce86bf00000060322eb4bf00000000b01e55bf00000080be87b13f000000001e26c8bf000000a0740aadbf000000a0b4c3a13f000000a0e1d8bc3f00000060f1f2babf000000e0436db9bf000000e018fdc23f000000e046a4b6bf00000080ac97c9bf000000a007eda9bf0000002028a5bc3f000000c02030c33f000000c013cecf3f00000060a758a0bf000000608fec9fbf000000e07f0dc1bf00000080fb5ac03f000000608156d2bf00000040f198b1bf00000020f6f7c43f000000e05dc7b43f000000202653a73f00000080cacca53f00000000bf3fbabf00000080b51e8fbf000000805f55be3f00000080ff28d1bf000000a01af5a5bf00000020375daa3f000000e039ffb6bf000000c0ba4eb6bf00000040c6c9b9bf000000c05088c53f000000e08096be3f000000809fcbc4bf000000405930c2bf00000000e096c53f00000020943ec7bf00000040d03583bf000000603548ad3f0000004027a8c0bf000000a07d3cd1bf00000020b0a8d0bf00000080f76794bf000000c0fc4bd73f00000020fb95b33f000000e025cfb9bf000000c00b93a63f00000080e8a3babf000000808b84abbf000000e08a77a6bf000000c055b2a53f0000000066c4873f000000a06144adbf000000c0adb0b3bf000000c007539f3f0000006053c0c53f00000040aa7fb2bf000000a06374b53f00000080020bd23f0000004003bf96bf00000080e6b781bf00000000506b81bf000000c04275ba3f000000c0303ab6bf000000008e866d3f000000a0c7a4c0bf000000203b6c743f00000060380db0bf000000805711b7bf000000c046f8aa3f000000007997b43f000000608a80c4bf00000080c763c03f000000a06a7b9ebf00000040e1d2a23f00000000a7be993f00000000de08c2bf00000040123fa6bf000000203a08b0bf000000c045eec13f00000060c0a5cabf000000202ce3c23f000000c012e7bf3f000000004cc2a83f000000e0a727c83f000000a0bee9ad3f000000c0f220b13f00000040178586bf000000807002b2bf000000c00b8fcabf00000020f8ce91bf000000c0f5998dbf000000c0e6be9dbf000000a0b390a4bf000000002ecb933f947494622e	3	\N	2023-09-28 12:44:17.401152
20	\\x8004958b040000000000008c156e756d70792e636f72652e6d756c74696172726179948c0c5f7265636f6e7374727563749493948c056e756d7079948c076e6461727261799493944b0085944301629487945294284b014b80859468038c0564747970659493948c02663894898887945294284b038c013c944e4e4e4affffffff4affffffff4b0074946289420004000000000080f560bfbf0000002013f3b43f00000060d297a93f000000e06e94b8bf000000e0d77fc4bf0000002008228b3f000000005cb980bf00000020edeac1bf000000402aecc13f000000001addc0bf000000406353ca3f00000000804113bf000000c098a1cfbf000000a05bb4903f000000607b3792bf0000004053f2cc3f0000004085ffc1bf000000003a44c3bf000000a07315c0bf000000402966bdbf00000060ad58a33f000000e0a97fb5bf000000006a3445bf000000e06f73c13f00000040a3c1c5bf00000000ed83d3bf000000c07332b5bf00000080adadb4bf00000020b065babf000000609a1db2bf00000040bee5b33f000000a0f8469b3f00000020d442c6bf000000c02007b23f000000007f8a6c3f000000409f34943f00000000f39ea1bf000000401459b3bf000000a009d0c83f000000207c0fb23f0000004048facabf00000000e177bc3f000000a08d37bc3f000000e0ce4ccb3f00000040eee0ce3f000000808f259c3f000000400369bb3f000000004afda7bf00000040c221c53f0000000024c7d2bf000000608499ac3f00000080a9ddbf3f000000003bddb03f0000004069a8823f000000602fc7bf3f00000040afa8c8bf000000c06ebb8a3f000000e06f37bf3f000000e09c8cc7bf000000003451b03f000000c0df90b13f00000020842ca6bf00000000ba8dbbbf000000c0c368adbf000000c0bb6dcf3f00000000a176c83f00000080ea7ac7bf000000c0d837bebf000000407d8bcc3f000000208003c1bf000000c03565a0bf000000a0b091aa3f000000c0346bc9bf000000a06d70c8bf00000080af7ed0bf000000402378b53f0000000022e7de3f000000008ae8c43f000000202639c6bf000000609f47883f000000800e4eb8bf000000602260b13f000000e088de93bf000000e01541be3f00000080540d98bf000000c090f4b8bf000000609942a9bf00000040fddf9c3f000000a07305c43f000000e0b26ba03f000000409d9681bf000000e07701d43f000000c08c8ba83f00000080bf9cb2bf000000e028d9a1bf000000203d40a93f000000203f1fc4bf00000080466db5bf00000060467eb8bf000000c0d3b9b3bf000000809c72b4bf000000e0ffd697bf00000060a17a733f000000605237b03f000000601331d0bf000000a06d59c63f000000405ee7b7bf00000080d35080bf000000205352bcbf000000c0868db43f000000c0600db3bf000000c0e3ada23f00000080855cb23f000000401cbdd2bf00000060b15ac23f000000a0a5d1c73f000000e060288d3f000000202f9ab53f00000080d423aa3f000000800098ac3f000000c09d35a23f00000080d6867a3f000000c04beec0bf00000080fef0b5bf000000a08166843f00000000eabdb5bf000000c050439a3f000000400b52a73f947494622e	2	\N	2023-09-28 12:44:17.522914
21	\\x8004958b040000000000008c156e756d70792e636f72652e6d756c74696172726179948c0c5f7265636f6e7374727563749493948c056e756d7079948c076e6461727261799493944b0085944301629487945294284b014b80859468038c0564747970659493948c02663894898887945294284b038c013c944e4e4e4affffffff4affffffff4b0074946289420004000000000080a8cebbbf000000a08432b23f000000001a65603f000000008632a0bf0000004091d9c0bf000000403b3f913f00000000cb5f95bf000000409707bcbf000000c074aac13f000000403688acbf000000208e81c63f000000806e4e9cbf0000000025cfcbbf00000060806aa5bf000000a07f63b8bf00000040b7bbbe3f000000c07746bdbf00000000775cc4bf00000060d0b5babf00000040a920bebf00000020043b89bf000000403c1a80bf00000000fbd2b13f00000040f2b1b63f00000080a07fc5bf000000608e82d2bf00000040427fbdbf00000000286aa5bf00000060800cb63f00000060dbc4b7bf000000401afe80bf000000207542b53f00000060d5c9c7bf000000003d1080bf0000000029d1893f0000000036caa93f00000080a1c79ebf000000a09d0ea4bf0000008041cac73f000000c0e1d7b43f00000040a21ec3bf000000c01833c13f000000407955a53f0000008075ded33f000000a0897ec83f000000401b459e3f000000601de0a33f000000c0ab41b4bf000000c0d583b83f000000a0b6aad1bf000000c09e4bb93f00000040fa79c93f000000405885b13f000000803dfa983f000000a079b3bf3f000000c08cb0b6bf000000e06b40a2bf000000401c90c53f00000060b809bfbf000000c0f429b83f000000a0235da13f000000405a44b53f000000c0af20a0bf00000080de2bbcbf000000807b67c33f000000a09a8fc53f00000020b198bfbf00000080d7f7c0bf00000040dfdac43f00000040b021c5bf000000c0b96aacbf000000a0606fb73f00000080c25eb8bf000000e07eeac5bf000000205176cfbf000000006700c03f000000609ae4db3f000000604558ca3f000000c07dfbc1bf00000080767fa73f000000c03c6ea3bf00000000d44848bf0000002048eca33f000000e078d0a83f000000605d6fc4bf000000402b299dbf00000000bbfaacbf000000a0c9bfa53f000000406269c43f0000000037d1ab3f0000006012a2abbf000000401ecad03f000000c08817b23f00000020a6dca33f00000040480ea53f000000e0e81fb03f000000a0443ab9bf000000c003bca1bf00000040fea8c3bf000000006d117fbf000000808b0461bf000000209b299cbf000000c06450913f000000c019dcb23f000000004640bcbf0000000017c5c23f00000080080c97bf000000c082fb9ebf00000080f535acbf000000205c56b83f000000a00aedb7bf0000000051fa8d3f00000020246bb53f00000060bae6d4bf000000a0c165c53f0000008080dbc33f00000020fc6ca33f00000080bc6eb23f00000060d8a2be3f0000008012109d3f000000a0cf00ab3f00000000d5787a3f000000a03b4ea2bf000000a09c6eb8bf000000c008a9ad3f000000a050a5b9bf000000000c0f81bf000000c091d0a43f947494622e	\N	4	2023-09-28 12:44:20.532389
22	\\x8004958b040000000000008c156e756d70792e636f72652e6d756c74696172726179948c0c5f7265636f6e7374727563749493948c056e756d7079948c076e6461727261799493944b0085944301629487945294284b014b80859468038c0564747970659493948c02663894898887945294284b038c013c944e4e4e4affffffff4affffffff4b00749462894200040000000000203f2db7bf000000400356ba3f000000008f21973f000000400564afbf00000060b118c6bf00000040ea6296bf000000c0cd7196bf000000605ae8b7bf00000080033fc53f000000e03ab7c0bf0000004034c6d33f000000400c5496bf00000020fb78cdbf00000020dd97b8bf000000e000229a3f00000060b2f0be3f000000e0389bc1bf0000004060e4b5bf000000e0ce4fc5bf000000c088cc9e3f000000c0aa66913f000000c0dce89a3f0000008091af5ebf00000000e9aa98bf0000004086d0a6bf000000a058f5d9bf000000800a68b2bf000000c0654fb1bf000000409d71963f00000000b2efb8bf000000e09d0e883f00000060d171b63f000000a068cabfbf000000e06fc5bfbf000000e0ea5d9b3f000000808949963f000000e01011c1bf000000c0876795bf000000802597c83f0000004006abacbf00000040807ed0bf00000020df659cbf000000e0ab12b73f00000020b167cc3f000000a05669cf3f000000e004f8723f000000003e46593f000000806c7ebfbf000000605fe4bd3f000000c08328d3bf000000a0f7f29b3f000000802721c13f000000a04786c23f000000204312aa3f000000a0d820bf3f000000c099b7a4bf000000c08601863f00000080653ac13f00000000284dd1bf00000020606284bf00000040d25bb23f00000040e0a6c1bf00000080be66b8bf0000004052ecb3bf00000020d2c8c13f000000e0b046bb3f000000c02bceb5bf000000806141c7bf000000e02077c13f00000080b48eccbf000000005f50b9bf00000000c296b93f000000a0d3b4b2bf00000060048ecdbf00000040cfafd5bf00000080064c96bf000000601f39d73f000000402d97c03f000000a05771c1bf000000e01afb773f0000006091819fbf0000004039c1c3bf000000c04696933f0000000023d1b13f00000080a74790bf000000607e20bfbf000000005085b1bf000000802712923f000000e064aac83f00000000bcccb9bf00000080a1f9a83f000000203eadce3f00000040e6cfa23f000000402887a1bf00000040ed3e843f000000203abeb23f00000020b82db6bf00000000147081bf000000c0c818c2bf0000000020607ebf000000409386863f000000609807b7bf000000e082b68abf000000408d6bb23f00000040912cc8bf0000004097abc63f00000080e0d4a1bf0000000030f397bf000000c0571eab3f000000e0b41ac4bf0000008036bc97bf000000a026c3b2bf000000403cc5c33f000000808333cbbf000000e03e39c13f00000000489ac33f000000a0d6c7a43f000000801117c13f000000e01950a23f00000020a650863f000000c0792a703f00000020d4b8acbf000000a01fe7cbbf000000802afab2bf00000020cb07973f00000040dae9a3bf00000060f773a4bf000000006dc391bf947494622e	3	\N	2023-09-28 12:44:23.601594
23	\\x8004958b040000000000008c156e756d70792e636f72652e6d756c74696172726179948c0c5f7265636f6e7374727563749493948c056e756d7079948c076e6461727261799493944b0085944301629487945294284b014b80859468038c0564747970659493948c02663894898887945294284b038c013c944e4e4e4affffffff4affffffff4b00749462894200040000000000a09deabebf00000080e809bf3f00000000e14ea03f000000c0db72b5bf000000205424cbbf000000c0fb5eaabf0000000016acafbf000000a02d99acbf000000200282c33f000000a0dd2db0bf0000008024a0d13f00000080471aa2bf000000e012fbc8bf000000205ea7bebf000000e05909813f00000080e71fc73f000000c099adc4bf000000a01bd3bfbf000000a06f17c3bf000000c0fc28903f0000000018c99b3f000000e0a492b33f000000208a2390bf000000a0d3e48b3f000000c09839b2bf00000040d5a5d7bf00000020f36695bf00000080e47cb4bf000000604535913f000000e00d02bdbf000000206f13703f000000003b3ebb3f000000207addc1bf00000040430cc1bf000000606ccfb33f000000a0f775b53f0000000086afc0bf000000801068abbf000000207c6dc83f0000002069b8a3bf000000603987d1bf00000060f4faa1bf00000020d5c8ba3f000000405621cc3f000000604521d13f000000a0345583bf000000809df7723f000000007beebdbf00000060b961c03f0000008028e6d3bf000000e0b8cfb13f000000a00472c13f000000200467b73f000000e02238b53f000000c04ca5b13f000000800199c0bf000000a0caeb8a3f000000c0e915cb3f000000a0d74ed3bf000000e02bfb94bf000000a04ba8b33f000000204a59c4bf000000805851bdbf0000002045f1b6bf00000080a654c23f000000e09383c33f000000400ff6b6bf00000060a21ecdbf0000004055edc23f00000080c8bac7bf000000c0194bb9bf000000e09585c03f000000e00519b4bf00000020a6dac8bf00000020733ad5bf00000080de9299bf000000803d0ed93f00000080b8cfbb3f000000200e08c4bf00000040e31799bf00000080865c93bf00000080aff8bebf00000080e112683f00000020296fb03f00000000fc287bbf000000805004c1bf000000a0c50fb4bf000000c0dc3a7ebf000000200390c53f00000000fc24a6bf000000e07453a13f00000080b432cc3f000000804eecaa3f000000c02e3a96bf000000007748983f000000804fcbb23f000000202567b4bf000000e094397f3f000000c0d0a9bfbf00000000ea4ea3bf00000020bad99dbf000000e00e4eb8bf00000040391f98bf000000c00db1b63f000000004e81c4bf000000e0fe75ca3f000000400e3879bf00000080b687933f000000c0424068bf000000c01f58c3bf000000004a6d903f000000409585a5bf000000403f4ec53f00000060d986c8bf00000040beecc63f000000e089d8c13f00000020ed91b43f000000e0c40cc73f000000800641aa3f00000060434ea33f000000c0b59a73bf000000e0abbeb6bf000000600e50cebf0000000087c4a1bf00000000636a9c3f0000004093f1a8bf0000008050f5763f000000800545a33f947494622e	3	\N	2023-09-28 12:44:27.065708
24	\\x8004958b040000000000008c156e756d70792e636f72652e6d756c74696172726179948c0c5f7265636f6e7374727563749493948c056e756d7079948c076e6461727261799493944b0085944301629487945294284b014b80859468038c0564747970659493948c02663894898887945294284b038c013c944e4e4e4affffffff4affffffff4b00749462894200040000000000a028d7b8bf0000000007e3c13f000000a0e26b8c3f00000080e54eb2bf0000006043afc9bf00000000085aabbf000000a0011ea3bf000000a04f47a4bf0000000059afc63f00000020074cb4bf000000c0dd58d13f000000004b31873f00000040f6dbc9bf000000602bfdbebf00000040f07b983f000000c0b044c43f0000006049d6c0bf000000803b6dbfbf000000003f9fc1bf000000002d30753f000000007133a93f000000405aeea03f000000408bd381bf00000080022b703f000000a03975b2bf000000a0bdbcd6bf000000c0dfed9dbf000000205666b4bf0000000098e4a83f00000040767cbabf00000000c69a9b3f00000080f90ab83f000000e00827c2bf000000e09b96c0bf000000205648ab3f000000802fbfb03f000000e0fa31c0bf000000806e8ba0bf00000080f29cc73f000000a0d799aabf00000020d1f5d0bf00000080993ea0bf000000c014c8b63f000000a00774cb3f000000801825d23f000000a0d36b803f00000020b6c09a3f00000000fdecc1bf00000060f389c33f000000604298d2bf00000080db66a73f000000a0004cbf3f00000060ccdcc03f00000020f9bcb23f000000408cfdb73f000000006c08bcbf000000c04736aa3f000000800f53c63f00000060d2fbd3bf000000e0bd6aa0bf000000405568b13f000000e0004fbebf000000402c61babf000000809277abbf000000c09d4ac53f00000080eab5bb3f000000e01462b6bf0000000048eac9bf000000c074d9c63f000000001a52cabf000000205e1cb6bf000000e03671c23f00000040f4adb1bf000000c0893dcabf00000000b535d4bf000000c015398fbf000000004854d83f00000060156dc13f000000208d1ec2bf000000c0921b823f0000002019df95bf000000604f7abbbf00000080ed3d9b3f00000000a0b2ac3f0000008006ae9ebf00000000548ec3bf000000803365b9bf00000080607965bf00000020c512c83f000000607ecfb1bf00000040384ca33f000000003aabcb3f000000c0eb09b33f000000808f73693f00000000a63a423f0000004010bcb23f00000020718fb8bf000000a09102a23f0000000072bdc1bf0000008058d8a1bf00000020497484bf00000080186fb0bf00000080375d91bf00000060c393b43f000000a00690c3bf000000001505c83f0000008079938fbf000000405086983f0000008066c487bf000000403ce3c2bf000000c0f08d89bf000000001231a7bf000000a0c82dc13f0000000092c9c8bf000000c0933ac83f000000a09a16c13f000000a0031cab3f000000e00750c23f00000000fa36b23f00000020474b8f3f000000209a0b9a3f00000000f69fbdbf000000007b0bcebf000000603611a1bf000000c03ec8a33f000000e04359b4bf00000000d0c141bf000000006d868a3f947494622e	3	\N	2023-09-28 12:44:30.465885
25	\\x8004958b040000000000008c156e756d70792e636f72652e6d756c74696172726179948c0c5f7265636f6e7374727563749493948c056e756d7079948c076e6461727261799493944b0085944301629487945294284b014b80859468038c0564747970659493948c02663894898887945294284b038c013c944e4e4e4affffffff4affffffff4b0074946289420004000000000040c342c9bf000000c09408af3f000000c09417a43f0000008058a190bf00000000f82abfbf00000040b2d375bf00000000e31267bf000000e04d92b8bf000000e08f8dc33f000000c0bcc7bdbf000000e0c3bac63f00000040f0957a3f000000a0e77acebf000000401ee752bf0000008073156ebf000000c04f31c13f00000040d476b3bf00000000ed6abdbf0000006072c6bdbf000000407707c0bf000000801182b73f000000007cc3963f00000080fcbf8cbf000000c0776ea23f000000609c70c5bf000000c03727d2bf00000040e6e4adbf00000080ebffb2bf000000c0874ea4bf000000e06992babf000000e03e04b93f000000a02017a23f000000a08b65c1bf000000e02665973f00000080c4f6713f000000e0f67eb13f000000408ac479bf0000006032da8bbf000000e045abc83f00000000e42264bf000000200a88c1bf000000403666b23f000000803aa1a43f00000060fd55d23f000000e0735bc13f000000c0fab4953f00000000834bb33f000000a03928b6bf0000004027d8b73f00000080dfaed2bf000000c0eab59c3f000000e0ea49ba3f000000c032faaa3f00000040a15baa3f00000080afc8b23f000000a0a81fc8bf00000080e12ea03f00000020a9eab73f000000807634cbbf000000e0bddac13f000000a028ebb63f0000004055abaebf00000040628ebdbf00000020d6cd8abf00000000e54ccf3f000000a07010c33f000000406a67c6bf000000e0cc45c1bf0000000001e1c23f000000603b49c6bf0000006022e09ebf000000a041eab33f000000006d42c3bf00000040b425cabf00000020f1e2d1bf000000409693b73f000000e0b68ddc3f00000020b386c23f000000801d10cdbf000000c0699fa5bf00000040a2cbb0bf000000e0b6e0b53f000000609884b13f0000006070f6b73f000000c05560b0bf000000402c7bb6bf00000000aadcb4bf000000e0d824af3f000000a001dcc63f000000600baaa03f000000e0ed68b1bf000000601d51d13f000000002e73c13f000000209f2e9fbf000000406e878cbf000000c0e863b53f000000401100b7bf000000a03e73bbbf00000020cd68b7bf000000a088f490bf00000040141a7d3f000000c026c5a9bf000000c040ad9b3f000000c07bcec03f00000040f4d7c5bf00000040535dce3f000000807398b2bf00000000336395bf00000020db38b1bf000000e08519b33f000000404153b3bf00000040ae1f7a3f000000a0f054ba3f000000003bd8cfbf000000e05cebc23f000000407fbecb3f000000e09cbaa93f000000006d58c13f000000c00692863f000000609109b43f000000c087b4903f00000000741bb63f000000e08dcdc0bf000000e09cd8b1bf000000c09fb9a1bf00000080949ea5bf00000000c0ae5d3f000000009ec7a93f947494622e	2	\N	2023-09-28 12:44:30.649636
26	\\x8004958b040000000000008c156e756d70792e636f72652e6d756c74696172726179948c0c5f7265636f6e7374727563749493948c056e756d7079948c076e6461727261799493944b0085944301629487945294284b014b80859468038c0564747970659493948c02663894898887945294284b038c013c944e4e4e4affffffff4affffffff4b0074946289420004000000000060f540c3bf00000020fbc8a53f000000e0e899a83f000000a09651aabf000000a0844fcabf000000008d9f923f000000c066ff86bf000000208ab0c0bf000000c048fcbd3f00000040ab4bc3bf000000601852c83f00000060d87280bf000000e03175cfbf00000020df6680bf000000e0108790bf00000060828fcb3f000000001b40b3bf000000a03cf0c9bf00000000a270bbbf000000e081c9b4bf000000c0d53f823f000000a0d2b5a5bf00000000b5d18fbf00000020da26a83f000000406febc9bf00000060d166d4bf00000080cc72bbbf00000080abc6a8bf0000002026dcb5bf000000009771b3bf000000208d5aa33f000000a0a6dcb63f000000e03affc4bf0000008041ab973f0000008017a7a13f000000609618ae3f00000040c7249cbf000000a0af3f9bbf000000a0bdddc83f00000020aab7ab3f000000802e61cebf00000040eea6b73f000000809646ae3f000000407204d13f000000408b76c63f000000206335b03f00000080a30dbb3f000000c021c4b5bf000000e0b5d5bb3f000000a0d6ecd2bf000000803588883f000000803be0bf3f00000060555aad3f000000c0135971bf000000c02e99a23f000000a053efc2bf0000002024d6933f000000e01864be3f000000c0dd5ccabf000000e04793a73f000000c01196b73f00000040df5ab8bf000000407201bcbf000000006ab2b7bf000000804b1dcf3f0000004076b9c23f00000020ddcfc5bf000000c0e031c0bf000000e091adc93f000000e00840c2bf000000e00717a3bf000000a0ce9bb33f000000c0a4ccc5bf00000080e791cabf0000008033ced2bf000000c040daaf3f00000000c5f6df3f000000402caec33f000000e0a24bc6bf000000409955a1bf000000e07734b0bf0000008013d5b33f000000c02243953f000000401b12bb3f000000a098539abf00000040ebe4bcbf000000a0aa49b4bf0000006058f6a23f00000060f82ecb3f00000080486a99bf00000040445577bf000000604a10cb3f00000080dba6b73f000000a07a8088bf000000c0093da9bf00000040fb5ebc3f00000040d09cc0bf000000e0e30bafbf00000040e5feb2bf0000008066aa93bf000000c058eeabbf00000040c065803f0000000011639c3f00000020448bc03f000000006fb2c5bf000000a03497cd3f00000040a71cbabf0000004036faa4bf000000202853babf000000e01690a13f000000004f3696bf0000000086236fbf000000a0d600ae3f000000a05652d1bf000000609f21b93f000000c03497cd3f000000007652a0bf000000a0417bbb3f000000208d1aa53f00000000e25fb03f000000c0bc269bbf000000c04a28a03f000000406832c9bf000000e02e03bebf000000c033dca13f00000060da68b6bf000000e0f7dba33f000000001964973f947494622e	2	\N	2023-09-28 12:44:33.705016
27	\\x8004958b040000000000008c156e756d70792e636f72652e6d756c74696172726179948c0c5f7265636f6e7374727563749493948c056e756d7079948c076e6461727261799493944b0085944301629487945294284b014b80859468038c0564747970659493948c02663894898887945294284b038c013c944e4e4e4affffffff4affffffff4b0074946289420004000000000000f22db9bf000000009bc7af3f000000407ee2af3f00000000b8edb1bf00000080157ac5bf000000000bc9acbf000000e02d7f94bf00000000541d98bf0000002022e1c23f00000060b175c0bf00000040213ace3f000000e083e0a8bf0000008090f9c8bf00000020e43db6bf000000a0115ca63f00000040060ac43f000000e0acb4bbbf000000a0bb6abcbf000000a021a9bdbf000000c0c174a83f000000a07cc59f3f000000c056c39d3f000000c0de8b9ebf000000405bfd953f00000080bddfb2bf000000805b8ed6bf0000002071b6b4bf00000080b13eacbf00000060cdad833f000000c0d1c6b5bf0000002007c29cbf000000406122b63f00000060dc28c1bf000000205b9cbcbf000000a02c4ca13f000000005c1eae3f0000006055dac0bf000000007479b4bf00000040a366c53f00000080e4429bbf000000809b2fd2bf000000a0aa13a1bf000000801d80b93f000000009986c93f00000020f9a6d03f000000204e39983f000000800be2a03f000000c075c2b8bf000000601258c23f000000c05be3d4bf000000e002eb933f000000a07155bf3f00000060ba34c33f00000060ffc7b03f000000e0f367b23f0000004088c7b7bf0000002054a5983f000000e07063bf3f000000605a60d4bf000000c02887953f000000806033b03f000000002551bfbf000000600228afbf00000060c675a8bf000000e0b96fc73f000000009831c23f00000060a067bebf000000201c07cabf000000207306ce3f0000002075accdbf00000060c9ecaebf00000020866ec13f0000006086f7b2bf00000040ab74cebf00000000b56bd2bf00000080583a773f00000040bd1bd53f000000806db3bf3f000000a0f513c0bf00000080208973bf000000a0d1f5aebf00000080e6aab9bf000000e07c1097bf00000080f880ba3f0000006003819b3f000000407757c1bf0000000057f9b6bf0000000073809cbf00000080138cce3f00000020fe99bbbf000000e09f3aa73f0000000029edca3f000000c05917b43f00000080d4fdadbf00000000a13351bf00000060c9eeb93f00000020d6ecbabf000000c0674c7e3f0000002088d8c1bf0000008064cb833f00000000053f97bf00000000df4db7bf00000080635fa0bf000000a0e7dcba3f00000000c4fdc1bf000000407b17cb3f00000000ccb0a8bf000000003489abbf000000a0dfe39cbf000000c00babc1bf000000c0abfca7bf000000e04874b0bf000000c0c7b6bc3f000000e06cedc8bf00000040bfe7c33f000000c0ee6ec03f000000405da3ad3f000000c0a715c23f000000a0788f9f3f000000607b65b13f000000e088c3a43f000000c0bad2b6bf000000e08a39c8bf000000a04e07babf00000020f07c953f00000020db32a7bf000000a0d91a9bbf000000c0b53e913f947494622e	3	\N	2023-09-28 12:44:33.838386
28	\\x8004958b040000000000008c156e756d70792e636f72652e6d756c74696172726179948c0c5f7265636f6e7374727563749493948c056e756d7079948c076e6461727261799493944b0085944301629487945294284b014b80859468038c0564747970659493948c02663894898887945294284b038c013c944e4e4e4affffffff4affffffff4b00749462894200040000000000c01240b2bf00000080f8abc23f0000000087dd943f000000a00a38a83f0000008008eabebf00000040805b9abf0000006051dcbebf000000806410a1bf00000000ad169f3f00000040e06f9c3f000000a0a9a2c73f000000a0e673b3bf000000c0e697c9bf000000206499b5bf00000000344cb4bf000000007469bd3f000000a04140c3bf000000607f29c4bf0000008003bbb6bf00000040d936afbf000000e00e3ea9bf000000c0fa6fa83f000000e04cb79dbf000000a0c314aa3f000000e0ce6db0bf0000006098b9d8bf000000a0f6f0b2bf00000080eccfb2bf00000000df07bc3f000000c060cdc3bf000000e0b03dabbf000000a0c175a23f000000c0ad36c9bf000000c008f3babf000000e0af60b13f0000000067d9ac3f00000000951db9bf0000000012c29abf000000c02efcd03f00000060b3cfba3f0000006057b4b9bf00000000d626b33f00000040d46db13f00000040b812da3f00000060c8afcd3f000000a09101b93f000000405aaf83bf000000a076819c3f00000080b96dba3f00000020d09ad0bf000000c04c03b93f00000060e364ce3f000000c07e1cc63f00000020c6efb93f00000000edbca83f000000e0df4bc2bf00000040d80977bf000000a05047c43f00000040e58cd0bf000000009359bb3f000000e0c3b4a53f00000020f92eb7bf000000009ab76cbf000000a026bfb0bf000000e0ce50c93f000000006261ba3f00000000d014a2bf00000000fec5c3bf000000405deac63f000000806652cabf000000a0aeed88bf000000003b2ca23f00000000b14f9ebf00000000bd7fc4bf0000004086f4cfbf00000020611fb63f00000040fd52d53f000000c074f3c93f000000604098c5bf0000002031f4953f00000060e964913f000000e0f8f8bfbf000000201aeca83f000000e0ebc67bbf000000406046bcbf00000060d739aebf000000409d9eb6bf000000a0ed428abf000000e0b41ec73f000000c01418b03f0000000061937fbf000000e04fb2c43f000000c074ce903f0000008064bc83bf000000a0a545bd3f0000004048cba2bf00000040e184bcbf00000040cfdd97bf00000060c5eec1bf00000020b452903f00000000255bbbbf000000a06acfc3bf00000080cedc793f00000040ae8ba33f00000020380bbdbf000000e06c5bc33f00000000354f7c3f00000060e91ca5bf000000e08112bfbf000000e053bf7c3f00000080de47c0bf00000000a5e88dbf000000003dd3c93f000000607418d2bf000000e0d722d03f000000e062ccc33f00000060039eb03f000000c02dadc33f000000e09887b63f00000040d0d6a53f00000040711278bf00000040eb1aa9bf000000c07e35bdbf00000080464ac1bf00000080c0fb7e3f000000a01bc3b0bf000000802e37b03f000000a09152b03f947494622e	4	\N	2023-09-28 12:44:37.234394
29	\\x8004958b040000000000008c156e756d70792e636f72652e6d756c74696172726179948c0c5f7265636f6e7374727563749493948c056e756d7079948c076e6461727261799493944b0085944301629487945294284b014b80859468038c0564747970659493948c02663894898887945294284b038c013c944e4e4e4affffffff4affffffff4b0074946289420004000000000080208ebbbf00000040e3dbc93f000000c040e59e3f0000008060bf81bf000000403342c2bf000000202b1b8bbf000000605211bdbf000000804e67a1bf000000205ed3ae3f0000002018c38dbf000000c01c0ac93f000000201250a5bf000000805b5cc6bf00000080a5b6b5bf00000020fafab8bf000000e05425bb3f00000040c158c5bf000000e08c5fc6bf00000080eafdb4bf00000080b630a5bf00000000d78c96bf000000a0825bb33f000000807c32a6bf000000c0af59aa3f00000020c9a1b2bf000000200cfbd6bf000000c07281a6bf0000004034fab1bf000000e00e2dbf3f000000a07d67c4bf00000000c5f8a3bf00000080815aa33f000000800c3dc7bf000000a06e6ab5bf000000401ee3a83f00000080ac64b33f00000000e1f7b3bf000000806fe391bf000000409f4ece3f000000000c5cb93f000000408c0cbdbf000000608a7ead3f00000020b371aa3f000000003e43dc3f000000204ed9ce3f000000a0d59ba93f000000c0c77887bf0000000018be733f0000002001b8b93f0000006084bed0bf000000009b38b53f000000009cacc93f000000e0eb40c53f00000080e9f2b43f00000000eb32b13f000000c0a468c1bf000000006255853f000000003481ba3f000000c04784d0bf000000201b16b73f00000060a90cb03f000000c02c7ebbbf000000c0fd2093bf000000c02092b4bf000000c0ed1eca3f000000802edbb33f0000006093ada6bf00000080a932c4bf000000000e1bc53f00000060344ccbbf000000202699a1bf00000060dd75ab3f000000e098da8dbf000000c0f8abc0bf00000040d7ead0bf000000000440b33f000000a0cf14d63f000000004c78cf3f000000608b02c6bf000000e09554a23f000000c02b448c3f000000802d56bcbf000000a02463ae3f00000000486e7b3f000000c0e09dc1bf00000060b8fa92bf000000200601babf000000a0410e8d3f000000e063a7c63f000000804eaeaf3f000000609ae3a0bf000000607db3c53f00000040635fa73f00000040e1899abf00000020eba4bf3f000000401e99a8bf00000040988fb9bf000000806307a3bf0000004014c2c3bf00000060b63b903f000000a019f4b8bf00000060bcd0c4bf00000040e4a06abf0000002064e2ae3f000000608446bdbf000000003d8cc23f000000c0aab9803f0000000081faa7bf00000080ab2abfbf000000a04d527c3f000000a0d798c2bf000000e0123d9dbf000000605e10c93f000000204bd9d0bf000000a03b2ecb3f00000080af1ec33f000000e06276b83f000000404f5ac43f000000405ba4bf3f0000008008b0993f0000008072267ebf00000040b91da5bf000000a088a7b1bf0000000003fbc0bf000000807d70913f0000000089b6b2bf000000c0f4b5ba3f000000209488ae3f947494622e	4	\N	2023-09-28 12:44:40.720972
30	\\x8004958b040000000000008c156e756d70792e636f72652e6d756c74696172726179948c0c5f7265636f6e7374727563749493948c056e756d7079948c076e6461727261799493944b0085944301629487945294284b014b80859468038c0564747970659493948c02663894898887945294284b038c013c944e4e4e4affffffff4affffffff4b0074946289420004000000000000d57cbbbf000000e0c4ecc23f000000c0af77a73f000000c02c7c93bf0000006088f8c1bf00000040f8bf983f000000600ee6b5bf000000609c27813f00000000ca47963f00000080d4aa6fbf00000000e690c93f000000a08962a0bf000000e0cc89c8bf000000a03f3fb5bf00000040ebcdb0bf000000000b4ab93f000000c0d03bbfbf00000060a8eec5bf00000000a0bbb8bf000000806c7b9bbf00000080a06f91bf00000040b179b63f000000a00a9eadbf000000405e189f3f000000a048c4adbf000000402724d9bf000000804a78b1bf000000808033b1bf00000000bb95be3f0000002078e4c8bf00000040f69d98bf00000060d86ba83f000000004dd3c4bf0000000084a6b0bf000000c015e4ac3f0000002029dd9f3f000000c0eee7acbf000000408f64a8bf00000020d3bbcd3f00000060a52ab53f000000806245c0bf00000040e4cfac3f00000060220db13f0000006020b9da3f000000004d98cf3f00000060d303983f000000e0471b8c3f000000602c538dbf00000060a2e6b93f000000a03938d2bf000000406d4caf3f000000009288c83f000000603485c13f000000401836b63f000000c0bb6eb23f000000c092f2b8bf000000e00d1a923f000000a062a9c03f00000080c314d0bf00000080226ab83f00000080a5b19f3f00000080007ebbbf000000205c708bbf00000060193db6bf000000e07190c93f000000a0051dad3f00000060d437afbf00000080e167c6bf000000c0bdd5c53f000000806c8ccabf000000a05aafa9bf00000000551daa3f000000201e48adbf000000a0ef7fbfbf0000006078b9d3bf000000201744b63f0000000099a0d53f000000a0bb3dce3f00000020c240c7bf000000e0d3e0b03f000000002d8884bf000000c02ac1b2bf0000002045d4ae3f00000060600fa13f000000e086ebc0bf000000e0e54eabbf0000006061deb3bf000000e094559a3f000000a04dadc93f00000000423bb33f000000a0b637a0bf000000800057c33f00000000c7c8a73f000000e022e272bf000000009b72c03f00000020fba16ebf00000040f950b3bf000000603fabb6bf000000e0d6fcc2bf000000202358a13f000000c01ebbbdbf000000c0d351c1bf00000000a2f3793f000000e09916c13f00000040c8d8bfbf00000060d5f1c33f00000020d47092bf0000006013f6aabf000000007eb9b9bf000000807f3d84bf000000c04af5b5bf000000a04a8286bf000000405349c33f000000e0a3a8d1bf000000e0f959c73f0000000082dbc43f00000020a64bb73f000000c00331c03f00000020148ab93f00000040c0758f3f00000000b9409fbf0000004025a9a3bf00000040357abcbf0000002074e8babf00000060b2d49f3f00000040ce41adbf000000403677ab3f00000080ce9fa13f947494622e	4	\N	2023-09-28 12:44:44.175397
31	\\x8004958b040000000000008c156e756d70792e636f72652e6d756c74696172726179948c0c5f7265636f6e7374727563749493948c056e756d7079948c076e6461727261799493944b0085944301629487945294284b014b80859468038c0564747970659493948c02663894898887945294284b038c013c944e4e4e4affffffff4affffffff4b0074946289420004000000000040f203bbbf000000c07ca3c13f000000200c8b913f00000000c548a33f000000e0d64cc1bf0000000054e99e3f000000206dbac2bf000000000fa1643f000000402a15b53f00000060c0f18abf000000c01a9bc53f00000080672b8fbf000000c0922eccbf000000a0e6b7bbbf00000040e273b4bf000000007fc7be3f000000a02115bfbf00000020ecebc1bf0000000081c6b1bf00000080429674bf00000040ea86833f000000c03560ae3f00000060ee9b8d3f000000a06da5873f000000c0ae61a4bf000000800713dcbf000000c017d0b4bf000000409f40aebf000000e0d067b63f00000000d161c0bf000000a029bfb1bf000000a00f13a43f000000007562c3bf0000002035eab5bf00000020bf49b03f00000060f47db03f000000e0d058abbf000000408d5498bf0000008067bbce3f00000000c8dab13f000000a0ef61bcbf000000e0cc1ea43f000000808e3aac3f00000060d981d63f000000a0e23cc73f000000a06e48c03f00000040aae2833f000000e013a88abf00000060d7babb3f000000001f4bcfbf000000c0e3c3b43f00000020991acd3f00000060df6dc43f00000080d911b03f00000040d967b53f00000040cd7dc0bf000000008df19a3f000000809900c33f00000000a930d1bf00000040da02ab3f000000009d6794bf000000c01ad3aabf000000e06f23a2bf000000e0cb1db5bf0000000082bfcb3f000000a0fa65bc3f00000060d121a3bf00000040008bc4bf000000408730ca3f000000c0f69ec4bf00000080a16e8ebf00000060adc8a03f000000c0b279b3bf00000080fcc9c4bf0000000027b3cfbf000000a06d0fa63f000000407940d63f000000c09d88c93f000000804fc1c1bf0000008007caaa3f000000a0f47a61bf00000080850ec0bf000000a09dec79bf000000006fec83bf000000000f54c3bf000000e038d8a9bf000000202585b1bf000000001aa2523f000000c0488fc53f00000060b4afab3f000000c0ffd26cbf000000406d30c33f000000400985af3f00000080495b943f00000060ae0ab73f000000c0a965a4bf000000c0fdb5b1bf000000a04e769fbf00000020d289c3bf00000080b7ec533f000000800f93b0bf0000004028c0c3bf00000020144d913f000000804f13ab3f00000080e7a8c5bf000000a0cbffbb3f000000801da97a3f000000805ca4acbf000000e05d89b0bf00000060e1b68a3f00000080fe29c2bf000000808f6284bf000000e093e7c63f00000080cf8fd2bf000000e0e455cd3f000000e02e6bc53f000000a0a5a1b93f000000201b80c53f0000008013dfb53f000000407ee9a93f00000000d84c4bbf000000007625b0bf0000004025bbc0bf000000e0357dc2bf0000000080d4a33f0000008091e8b0bf000000006a1aa53f000000005c82b23f947494622e	4	\N	2023-09-28 12:44:47.605627
32	\\x8004958b040000000000008c156e756d70792e636f72652e6d756c74696172726179948c0c5f7265636f6e7374727563749493948c056e756d7079948c076e6461727261799493944b0085944301629487945294284b014b80859468038c0564747970659493948c02663894898887945294284b038c013c944e4e4e4affffffff4affffffff4b00749462894200040000000000a0c47abcbf00000080e40ebd3f000000c03aa78e3f000000a0014396bf00000000fd47b9bf00000000bd7a76bf000000a016d9c0bf00000000d06976bf000000e0e661b63f000000c08fa8a93f000000e0cd21c83f00000040f6ea8f3f00000000ae5bc9bf000000a02675b8bf000000e05aadbbbf0000008018d9b43f000000204b5fbbbf00000000708eb5bf000000c06cc7b6bf000000001a758ebf000000809cd2753f000000a0116cbc3f00000000c37ea13f00000060e5dba13f00000080ccb1a1bf000000606507d9bf000000c0092ab0bf00000020311bb8bf000000007a78b83f00000000d91ac0bf000000a0857eb0bf000000a02970953f000000200583c6bf000000400ec2bbbf000000006558b83f000000c068adb43f0000000027f2b3bf00000060fc9b9ebf000000001f27cb3f0000000087f0c13f000000a0a683b7bf000000802a48a23f00000080b7bca23f000000c07681d83f0000002009aeca3f000000c0a431b83f000000a0bfee9d3f00000000f951abbf00000060ef7ac13f000000a05139cfbf000000a0b210b43f000000a082eeca3f000000e0ffc0c53f0000008050fdab3f000000407e40bb3f000000c00230c0bf000000406efba13f000000008ffabd3f000000e0eeaad0bf00000000c3c6b73f0000000071828f3f00000020147ba0bf00000040dd56a2bf000000e0751fb9bf000000203bf6c73f000000c04952bb3f000000c05a7daebf00000000cf2ac1bf000000809708c83f00000080193cc6bf00000040922481bf000000e02969ab3f000000e04372b3bf00000040a944c5bf000000403786cdbf000000006c46a33f000000601597d43f00000000f299cc3f00000060d836c5bf000000803066983f000000401ecfa3bf00000080670db4bf000000c07241713f0000006079ea703f00000000690fc3bf0000000096a0993f000000601016adbf000000e09cce85bf0000004013b1c53f000000e0a1e9a43f000000c05fce603f000000407f73c73f000000a067baa63f000000c042f6913f000000403d7bbd3f00000080e63fa7bf00000000f7d6bbbf000000c081cdafbf000000c0cbc4c4bf00000080ac4d91bf0000006097fdb6bf000000e01460c5bf0000006045d1ac3f000000406e3ea93f000000a04d3ac4bf000000a095bbbc3f0000008032f0613f00000040d04ab1bf000000c03b00b1bf000000400fcf83bf000000c0b411bbbf000000c025aba1bf00000060c19bc63f000000c08677cebf000000c02b7fcf3f00000000c05ac33f000000e06e94bd3f00000000b361c33f00000080ceddb33f000000e07c6da73f000000c0e142a1bf000000c0b4d3a1bf000000c08154acbf000000a065b5bfbf00000000fa0187bf00000060ece8a7bf00000080e238a73f000000805a5b923f947494622e	4	\N	2023-09-28 12:44:51.066385
33	\\x8004958b040000000000008c156e756d70792e636f72652e6d756c74696172726179948c0c5f7265636f6e7374727563749493948c056e756d7079948c076e6461727261799493944b0085944301629487945294284b014b80859468038c0564747970659493948c02663894898887945294284b038c013c944e4e4e4affffffff4affffffff4b0074946289420004000000000080fcdcb9bf00000060d4bac23f00000000d04c1cbf00000020604b80bf000000c03e6fc2bf00000040e014753f000000c0a66ebcbf00000080c1e3673f000000804e5eb23f000000800aad813f0000008035bbc73f0000008051c88dbf0000004041a3c7bf000000c02d77babf000000a0adf8babf00000040cbb7bc3f00000060f7f7babf00000000c5bdc1bf000000c0a1ccb1bf0000000030e7a0bf00000060289f97bf000000e07148b63f000000a0425799bf000000603f8ba23f000000c0ebd3a8bf000000804ec2d7bf000000803211a9bf000000003f03aebf00000000cec3bc3f000000a03339c4bf00000060c6b4a0bf00000040f4e2af3f00000000863ac4bf000000c01257b5bf00000080e6eeb53f0000008099dcb23f00000040c1abb1bf000000a0be2aa0bf000000202a68cf3f000000000b38ba3f00000020cc70bbbf000000c085e7973f000000c0e099ac3f000000c011e1da3f00000080fcd1c63f0000006022e3a93f000000c0bd05943f00000080d4f59bbf000000c0f714be3f000000e0be98cebf00000000bc9db73f000000a065f3c83f00000040377dc03f00000080f987ab3f000000a046f2b23f0000008072cabebf00000060ea9d883f000000c0eae5c23f000000007aa8d0bf000000008fa9b13f000000000aa09d3f000000a05c3cb1bf000000806dd6afbf00000040c25cc0bf000000201f32c73f000000e03981b23f00000080c773a4bf000000007cc4c5bf00000060bfc1c73f000000008590c7bf00000000e94d97bf000000a09851ac3f00000020010aa3bf000000000bcac2bf000000004477d0bf000000c0abdab23f0000008098b6d53f000000201c97d03f000000c09dcac0bf00000000f77db03f00000000e5c57e3f00000000f340bdbf00000040ff119a3f000000c0c9b861bf000000403c63c1bf000000807765683f00000080436faebf00000040663a8c3f000000c0e2c9c53f000000806266b13f000000a0c9c293bf000000003ab7c13f000000804663a93f000000c04e4984bf000000e0838fb83f000000c03741b0bf000000007552b7bf000000e0042fa7bf0000004055a0c4bf00000000c6f987bf000000e00f6db6bf00000040d998c4bf000000e0c96fa33f00000000af8db13f000000e0b117c4bf000000c0e53ec23f00000040cda9913f000000408ea9afbf00000060604ab5bf000000c0d8768b3f000000c0e9e9bfbf000000001ce990bf000000403624c73f00000060e386d0bf00000000986aca3f00000020e321c13f000000804c40c23f000000a0b56fc53f000000e05c2dbf3f00000080b84fa03f0000000003b881bf000000006b20b0bf00000000e6ffb5bf00000040a1cabfbf00000040cb5d983f0000002085e5aebf000000c06effb53f00000040ea96a93f947494622e	4	\N	2023-09-28 12:44:54.203048
36	\\x8004958b040000000000008c156e756d70792e636f72652e6d756c74696172726179948c0c5f7265636f6e7374727563749493948c056e756d7079948c076e6461727261799493944b0085944301629487945294284b014b80859468038c0564747970659493948c02663894898887945294284b038c013c944e4e4e4affffffff4affffffff4b007494628942000400000000002024c9c2bf000000603751bf3f0000006015cab03f00000080946c8c3f000000604b5dc0bf000000c0744477bf000000e0019db1bf000000e09aaf9ebf000000a05cceb73f00000000c8255b3f000000e0f62cc93f00000020b3289abf000000801c5fcbbf000000202a5bb5bf000000e004dfb4bf000000209ec0ba3f00000080841ab8bf00000020420dc1bf000000601fb5babf00000060310694bf000000401f40933f000000209288b63f00000020ad6a8ebf000000c02dd1af3f00000040ef9da1bf000000c0d91ed8bf00000060bc0699bf000000e0d895b3bf00000080b392b43f000000008c2ac4bf000000601800b5bf000000a0e25cb63f000000407bcac7bf0000004046a3c3bf000000c0fd8da23f0000008055c5b53f000000404da2b7bf000000c07e5ea7bf00000040c433c83f00000000af23b83f000000c0b1bfc4bf000000208000b13f000000402416943f000000803b00d93f00000080570acf3f00000000a279a93f000000c0142e8abf000000e0067cb3bf00000080831ca63f00000060579ed0bf000000e0e7ecac3f00000080607fce3f000000a03046b33f000000a0b738b33f000000c0ba19bc3f00000020ef42c2bf000000801839963f000000e0b07fb63f000000804daac8bf00000080a629b63f000000004acfb13f00000080d6c0a3bf000000408042a93f000000e02638babf000000604a2fc53f00000040e1dfb73f000000802654a8bf00000080b391bfbf000000c0e5e4b73f00000000cdecc6bf000000401809b0bf000000804717a83f000000a0ad0aaebf00000000eeb8c3bf000000e0c917cebf000000c07c58a53f00000000845bd43f000000c0a6d0c73f000000e096b9c9bf00000080f5d29b3f000000e005daa7bf000000a03bccbabf000000c05a28bc3f00000020c44b963f000000000b79babf00000000ba29a2bf0000008090faaebf00000040856591bf00000060ab7fc63f0000000092f0bb3f000000c0fc5367bf000000c0f2decb3f00000000afa6813f000000400ee4b2bf00000040802fc33f000000a07944973f000000c03a14bcbf00000000331e5a3f000000204c23c5bf000000807f579bbf0000008057e0a0bf000000e0051fcabf000000201b20953f000000e0b1c5b13f000000c04d81c6bf0000004007c3bc3f000000e026da87bf000000c02bf8993f00000060ad2692bf0000002090b4a9bf0000002030e0c2bf000000e0a4a5a43f000000c0cc76c93f000000a05be2ccbf000000208ca9d13f000000005ec6c23f000000e0049cb13f000000c0f7b2bc3f000000e08732c33f00000020746ba23f000000e0e5e6a4bf000000806eb4a6bf000000201062b7bf000000802fc5b5bf0000004015d4a53f000000e00655abbf00000080dbb6b23f0000002098d0a13f947494622e	4	\N	2023-09-28 12:45:00.677889
37	\\x8004958b040000000000008c156e756d70792e636f72652e6d756c74696172726179948c0c5f7265636f6e7374727563749493948c056e756d7079948c076e6461727261799493944b0085944301629487945294284b014b80859468038c0564747970659493948c02663894898887945294284b038c013c944e4e4e4affffffff4affffffff4b00749462894200040000000000802e34c1bf00000060afe0b43f00000020f2869c3f00000020603ca13f000000c0315bb5bf000000e06707a3bf000000c04b88bfbf000000803d20b1bf000000e00828ae3f000000c02feb8dbf000000202e8fca3f000000207dd4afbf000000a0b723c9bf000000600a66bdbf000000e0905abcbf00000020ba12b33f0000000073a9c0bf000000808918c3bf000000c0c399aebf000000c0398baebf0000006046b5a7bf00000040c24b973f00000040d02580bf000000605df2983f0000002019d3b5bf000000c078ffd6bf000000e09f8eb3bf000000c05fdeb4bf000000e05297b83f000000405448bfbf000000e0b476adbf00000040bb51ae3f00000000f41dc6bf000000c08f96bebf00000060f51ab23f0000000017c8bc3f00000060008cb3bf000000c0956e94bf00000020bb35d13f000000c0de31b83f000000008177b5bf000000a0707fae3f000000c098ebad3f000000c0189ed93f000000207ab9c43f000000a03cc3b83f000000206cca97bf00000060c6668bbf00000020c675c23f00000060f6d9d0bf000000e0719bb33f000000204d33cd3f000000205ba9c83f000000e07486b53f0000006092c9b73f00000060dda0c3bf00000060e9e0a23f000000c03926bd3f00000020f745cfbf000000402c58bb3f00000080d2da9e3f0000006065ccb1bf00000000bd9663bf000000c01fd6b1bf000000c0279cc93f000000802deabf3f000000c0a39cacbf00000080680fc0bf000000403543cb3f00000000d0cdc3bf00000000f48c59bf00000060b408b03f00000060b7ff99bf00000060f053c6bf000000c07b4accbf00000020c54dba3f000000e0314ad43f000000c018e4c83f00000040357dc6bf000000808376733f00000060daee733f000000e06d80bcbf0000006054f3a73f000000c084297a3f00000040a2d3bfbf000000c0d78aa4bf00000020ab1eb4bf00000060540ab1bf000000800c06c53f0000002004cdb13f0000002011d694bf00000080df91c13f000000c022e4a83f0000004019458b3f00000060ebb1c13f00000020286294bf00000040c5a1c1bf000000e02dd192bf000000009f09c6bf0000008037dba33f000000607a39b0bf000000000334c5bf0000004005e8923f00000000d906a13f000000e06a93b8bf00000060cf1fc03f00000060f8be623f000000e0ea1cb6bf000000408ddeb8bf000000c0eea17d3f000000407d32bebf000000805e8590bf000000e02ad5c33f000000407118d4bf00000020348ed03f000000e0e898c23f00000080a261b83f000000e0666ac73f000000c0cb10bb3f000000c0a703a43f000000004dd4643f00000000b3d77abf00000080999cafbf00000080e75ac7bf000000e07b948ebf000000a06aebacbf000000c0bf31963f00000000e03da63f947494622e	4	\N	2023-09-28 12:45:03.758316
40	\\x8004958b040000000000008c156e756d70792e636f72652e6d756c74696172726179948c0c5f7265636f6e7374727563749493948c056e756d7079948c076e6461727261799493944b0085944301629487945294284b014b80859468038c0564747970659493948c02663894898887945294284b038c013c944e4e4e4affffffff4affffffff4b00749462894200040000000000408ad9b0bf000000005743c13f0000008034baae3f000000c0cd3c973f000000400dd1b8bf00000000bcbca63f000000807d6fbebf000000a08c65a9bf000000a0733db53f000000c0101a753f000000e064f1c93f000000e06af79abf00000020f69ed1bf000000c0ba76b0bf000000a0bee9babf000000003094c03f000000a0fe62c3bf000000807d2dc2bf000000c0582bb6bf000000c0890a9cbf000000a0b6bca4bf000000403341b03f00000000da5b86bf00000000211878bf00000060c435a3bf000000c0fcb3d8bf00000020eec1b4bf00000020186cb7bf00000060ada6b63f00000020b938bbbf00000000832c93bf000000e04137a93f000000c0f7fbc2bf00000060d145b8bf000000e05541ae3f000000401ee3ab3f000000e01d84b9bf00000000bd2459bf00000000b49ad03f000000005d69b23f000000e09f25babf0000008055cb903f000000c000b8b33f000000c04529d73f000000e0a90ac73f00000020c407b83f00000000f6b0733f000000c05b8a7a3f000000004438ad3f00000080a141d2bf0000008085e0b03f00000000f489cf3f000000805c98c73f000000e04cd8c33f000000408de0b33f000000c0926bbebf000000202b15aa3f00000000424ec83f0000002040dccdbf000000804753bc3f00000000c35cb33f000000e0a448b3bf00000060127ea73f00000040b52c8abf000000e01538cb3f000000c06259a63f000000c0c2b6a9bf00000040ac45bdbf00000080af13c63f00000060a6f6c3bf00000060e6a3a1bf00000040abb4ab3f000000e05ee5acbf0000004044fcc5bf000000805d55cdbf00000080b515ac3f00000060e275d63f00000080954bcd3f000000a0c14dc3bf0000000009b47bbf00000000a885a7bf00000080be83c0bf000000a0f24ea53f000000202406b0bf00000000c334b9bf000000c0b02db6bf000000c00072b8bf000000a0f761a6bf000000a0787ac83f000000a0776faa3f000000c0e29fa33f0000004006c0c83f000000806359ac3f00000080f43286bf0000006051c3b33f000000e0327487bf00000040475fb2bf00000000d7169ebf000000809461c5bf00000080a59872bf0000004084d5c0bf00000020c0d5c0bf000000c030d59e3f000000c00d3ba13f000000400c7ec1bf000000e0b4c5c23f0000006095a0973f000000a001faa4bf0000002090f4b2bf00000000f086973f00000080ed49bebf0000000066cd9abf000000403128cf3f000000008be4d0bf000000e084aecb3f00000060a83cc73f000000a03ac4b43f0000008096b9be3f000000c0f469b53f000000e00744ad3f000000a0337fa5bf00000000f31dbabf000000609589bebf00000020f801c3bf000000c0ab9b893f000000e0cfe1b0bf000000e090c2983f0000004006a8af3f947494622e	4	\N	2023-09-28 12:45:13.717003
44	\\x8004958b040000000000008c156e756d70792e636f72652e6d756c74696172726179948c0c5f7265636f6e7374727563749493948c056e756d7079948c076e6461727261799493944b0085944301629487945294284b014b80859468038c0564747970659493948c02663894898887945294284b038c013c944e4e4e4affffffff4affffffff4b00749462894200040000000000c0c49cb7bf000000e094b3c03f00000020f904a6bf000000e0cc1295bf00000040b914c1bf00000080b217863f000000c070d6b1bf000000a0e6af90bf00000040b197b53f000000e05ba09bbf00000020d7f4c53f000000804ec4623f00000020dfdac8bf000000202df3b6bf000000800e98b0bf00000080d0bfc23f0000002063cbc3bf000000208c01c2bf000000e0955cc2bf000000009fbfa9bf000000a0f561b1bf00000080a4a8b03f000000a056209ebf000000c06840ae3f000000409f17a6bf000000c0157ad7bf000000c0f263b0bf0000002066a2aebf00000000f8e9b43f000000c062c6b6bf000000000a5295bf000000c05b42b73f000000e0aae4c3bf000000e0167cc0bf00000040ab31b73f000000e098f2aa3f00000000fbc7babf000000405e82943f00000080f2a4ce3f000000400755b43f000000e0a980c1bf000000807de9a13f000000c0810db83f000000c09fdad83f00000060a995ca3f0000006055ada83f00000080208e7c3f00000020c06391bf00000080c978b33f000000c02422cfbf000000c0b676af3f000000803b1bcd3f000000e06478c03f000000206275be3f000000005e10a03f000000c0b97ac0bf000000403b7ba03f0000000003c6c43f000000c0143acebf000000a040e4b23f00000000bf679e3f000000c0f16ec1bf00000080264e93bf00000000638ba9bf000000c0785bc43f00000020799fb13f000000c0185faebf000000e0e413c7bf0000000086a8c63f000000e05709c9bf000000c02c3b98bf000000002621803f00000040b6b6a8bf0000000018b2c4bf00000060b53cd3bf000000e0bc7ba53f0000008022f6d33f00000020b1cccc3f000000601e11c0bf000000004a8ca23f000000207d55a3bf000000e0bdb2c1bf000000005c7e683f000000202512923f000000605b38c1bf000000a088dab0bf000000a077b7b0bf000000800d46683f00000040e170c33f000000e0fa28b03f000000c0ab48833f000000609b81c63f000000e01a11a73f000000c01e49a7bf000000406f89bc3f0000006060d7a53f000000406100c2bf000000a03f59aabf0000008004dfc4bf000000e01d7b7abf000000a050c7b5bf000000c0320ecabf000000409200a43f000000c0bac8b23f00000000e6c6c3bf000000c05eb0c83f00000040c5297bbf00000000e2128fbf00000000cd1cb4bf000000000d039d3f000000c0e58bbabf000000e04a75a9bf000000e01632ca3f00000040548ac6bf000000009489cb3f000000c06dd1c73f00000000b50bb63f000000604dbcc53f000000e0fa55c23f0000006021aeae3f00000040aa8daebf00000020ddc6adbf00000020558fbdbf000000609fb2bebf00000000e59d52bf00000000e43ca9bf000000801d41b13f00000040cb22b33f947494622e	4	\N	2023-09-28 12:45:20.388975
34	\\x8004958b040000000000008c156e756d70792e636f72652e6d756c74696172726179948c0c5f7265636f6e7374727563749493948c056e756d7079948c076e6461727261799493944b0085944301629487945294284b014b80859468038c0564747970659493948c02663894898887945294284b038c013c944e4e4e4affffffff4affffffff4b00749462894200040000000000202d63ccbf000000403bd5be3f00000080b052a53f00000040d4b4bebf000000c0982dc1bf000000406c88703f0000002072529abf000000a03187b4bf00000060edfcbf3f000000005a24b8bf000000407ca8cb3f000000802f1ea0bf00000000cabfd0bf00000000ae3cb1bf000000a06c9f9c3f000000e08236b43f000000e03127c3bf000000c05bc7c1bf000000400d529ebf000000406cedc3bf000000c03c56a63f000000e01ae3ac3f000000c054d391bf000000202345bd3f000000e0318bc5bf00000060665cd6bf000000c05b3cbdbf00000040e2f7bbbf000000008e1a6fbf00000000de1dc3bf00000000fa5c933f000000602739b53f00000060bb11c0bf000000807f0084bf00000020f68795bf000000a0083aba3f000000c090319cbf000000206257abbf000000a0b724c63f0000000088358cbf000000803fe1c5bf00000000861ba53f000000609b10a03f000000e007cfd53f000000c058fbc83f00000040813f8e3f00000060f6d7a43f000000e048db9fbf00000000f603c43f000000e048f2c9bf000000402ad5bb3f000000409bb2ca3f000000009eeeb63f000000a04a53aebf000000a04332b93f000000a03fb5b3bf00000040e81eacbf00000000dbd0c43f0000008033a3ccbf000000c05ec2ba3f000000a09ccaba3f000000805cdfc2bf00000080cb67a5bf00000040d352b9bf000000008681b73f000000e05d48bc3f00000040f496c0bf000000605772c0bf00000080a802c93f0000008055d4c5bf00000080beeaadbf000000c0e9adba3f00000000bc62c2bf000000002773cfbf000000402ca0cdbf00000020c7c9c43f000000a08a71d73f00000040ba20c83f000000c091ddb6bf0000004057cca83f00000040448f7cbf000000a08918abbf000000006d05a73f00000080ec38c13f00000060f7a3b8bf000000c099e9b3bf000000e05872bdbf000000e03f71c13f000000c0b75cc53f0000008011e4a83f00000080c06167bf000000e0a1ddd13f00000000821c933f000000a0b60b9abf0000000098e4983f000000e05f5bc03f000000c0def0c2bf00000040146c64bf00000080340cb2bf000000406e6d9f3f00000060ef77b43f00000060c149c0bf000000803c2a88bf000000408488bd3f000000e00f7bc3bf000000809597c43f0000008075dbb2bf000000c0532a82bf000000a02c6db6bf00000040f68cb0bf000000c0e954a9bf00000000ce9242bf000000002b68c13f00000000ff4fcfbf000000e0b0c7b23f0000002007acc43f000000a0617f913f000000c02652c53f0000006025d2b03f000000a04b0ca03f000000c0aa5bae3f00000060eaa5bfbf0000008039f7c9bf00000080ccf1b4bf000000a08b70b63f000000807fc692bf000000c0b96ea63f00000000b2aea23f947494622e	5	\N	2023-09-28 12:44:57.22895
35	\\x8004958b040000000000008c156e756d70792e636f72652e6d756c74696172726179948c0c5f7265636f6e7374727563749493948c056e756d7079948c076e6461727261799493944b0085944301629487945294284b014b80859468038c0564747970659493948c02663894898887945294284b038c013c944e4e4e4affffffff4affffffff4b0074946289420004000000000020a955ccbf000000408c7bb83f000000209851a53f000000e086b2bcbf0000004082f9bcbf000000a0028a9abf000000e0d101a1bf00000000e5aebfbf000000405ab8c03f000000e076f8bcbf000000201b5ccc3f00000080371e71bf00000080dcc0cabf00000040bd8ba1bf00000000152d6bbf000000a0aedeac3f00000040587fc8bf000000c0dd04c1bf00000020480498bf000000c0b7fac2bf00000080df2caa3f00000060ff25ba3f00000020d490943f00000080e8d2ba3f000000c073b4c5bf00000020eba5d2bf000000c0ca94c0bf000000404350c0bf000000c067a9a83f00000040a40fb3bf000000e0d1e9b23f000000408e55a73f000000c0aa8ac0bf00000080034d8c3f00000040a15a82bf000000001972ad3f000000000f88a6bf000000803552a7bf000000606a01c93f000000209e6c90bf000000c0d2ffc7bf00000080b49b9a3f000000803f51a03f000000a0902fd63f0000000022e7c53f00000060fe09a43f00000080906aa43f000000403653aabf00000080280fca3f000000401bd9cdbf000000c010d4ba3f000000405260c73f000000206e35be3f000000a0f6faa8bf00000060b8d1b93f00000020ef7fb9bf000000e0e9a6943f00000080b452c73f000000e053e6c9bf0000006025abc13f00000060880ac03f00000040b9bcbfbf000000c0d157a33f000000c04833a3bf000000c01405c03f000000a03db5b13f000000a0754fc1bf000000e0e402bbbf000000409305c33f00000040a97cc8bf00000080d8ecb1bf00000020f1a3c53f000000e05fbdbfbf000000e0f1b8cfbf000000000598d1bf000000c044d8b83f00000080d3fdd93f00000020c66ac83f00000040d4b1b0bf000000803dfca13f0000008030c876bf000000409d31833f000000004dc8b63f000000c0e315c23f00000000c307c4bf000000c0617bb1bf000000e03059c5bf000000404a3aad3f000000602d24cb3f0000008030eea63f000000204b9ea5bf00000040198ed33f00000040041aaa3f0000008032d36cbf00000000a51a973f00000060fa07bf3f000000809579c2bf000000c04904aabf000000c06724a3bf00000040b9c9a13f00000060b6d8a33f0000006064a7b2bf00000080388f97bf000000e0cf00c03f000000a0e12bc5bf000000208405ca3f000000203348b9bf000000803e3e773f000000e0b6f7babf00000080c4d3adbf00000000d2d496bf00000060fde7803f000000c06162bb3f000000e03e80cebf000000c089dca63f00000000ff5ec33f000000801f6aa33f000000409179c83f000000807c3dad3f000000803ae7723f00000040259794bf000000609dd6b6bf000000e093f4c7bf0000002087a0b7bf00000080eab2b43f000000202155abbf00000020bd1db43f00000020b0af9b3f947494622e	5	\N	2023-09-28 12:45:00.482903
38	\\x8004958b040000000000008c156e756d70792e636f72652e6d756c74696172726179948c0c5f7265636f6e7374727563749493948c056e756d7079948c076e6461727261799493944b0085944301629487945294284b014b80859468038c0564747970659493948c02663894898887945294284b038c013c944e4e4e4affffffff4affffffff4b0074946289420004000000000080ac63ccbf00000060c921c03f00000060fc1eaa3f000000e01b09acbf0000008029dab9bf000000003ba8a9bf000000200b4aa1bf00000080d46fc2bf00000060fa8abc3f000000c0d806c1bf000000e01afecb3f00000040d0bc893f0000002043e0cebf0000008085c6933f000000c01eaa89bf00000060fb3ab23f000000c090ddc3bf0000008073a0bfbf000000209876b3bf000000007f31c1bf000000c02a5bbf3f000000e01413b13f000000c0fcb49dbf000000c0fce9af3f000000007bcdc0bf000000a0b30bd2bf00000040f1c7c0bf00000000f817b3bf00000040f3acad3f000000005cb9aabf00000020cc3f9d3f000000e08bd990bf000000c0d810c1bf00000000c9409dbf00000040fc119e3f000000608811b53f000000a0ff70a6bf000000a00614b3bf000000c0cd58c43f000000c0cd9fafbf000000c0c3f8cbbf00000020aeec883f000000207832b13f00000020ebfad33f00000040be12ca3f000000e066fab03f000000404feaa93f000000c0e79fb2bf000000c0096ac53f00000060fbfdc7bf00000000b99fb03f0000004073dec13f000000c0ef7cc53f000000c0a8d581bf000000602e08aa3f000000c00047c7bf000000e0d0399e3f000000201328bf3f00000000b4b4cabf000000409b70b43f000000e04e3bc43f000000800d4ac8bf00000000e09612bf000000e06da383bf000000c0773bbe3f000000e0f413b03f000000a099e1c0bf000000c08c12c1bf00000080ccfdc93f000000c06e20ccbf000000a0119c7cbf000000a0cec5c13f000000201294c0bf000000605baecebf0000002080b1cebf000000e09e79a73f000000c087e5de3f000000c053cfc53f00000060523caebf0000008083bc943f00000080027b9fbf00000000d151a53f000000c02a88b33f000000a0e320ba3f000000e0b76ac2bf000000805ef2a1bf000000c0b604c7bf00000040e7abb33f00000040c81ad03f000000c0ec47913f0000008041bfaabf00000060029cce3f000000804baba93f000000809ea1abbf00000080804bb03f000000003a2ac13f000000007affc2bf00000080cc91adbf000000002ab0acbf000000009b6671bf000000e023599c3f00000080aaa3c3bf000000c0077a65bf0000000016b7bd3f00000000a1eac6bf0000008020f7c93f00000020fca0b5bf0000000039fda23f000000c0b7bfb7bf000000e08610acbf00000000cf73b0bf000000403ee6823f000000602d69c13f000000007474c9bf000000a08547b13f000000c0bda7c73f00000060a464a53f000000402604c93f00000020be1daf3f000000c0011aa93f000000c067fa77bf00000020ead7b5bf00000000f596cbbf000000e04b42c0bf00000040bcc19a3f000000a0a0caa0bf0000008096eec13f00000080f1329a3f947494622e	5	\N	2023-09-28 12:45:06.862018
39	\\x8004958b040000000000008c156e756d70792e636f72652e6d756c74696172726179948c0c5f7265636f6e7374727563749493948c056e756d7079948c076e6461727261799493944b0085944301629487945294284b014b80859468038c0564747970659493948c02663894898887945294284b038c013c944e4e4e4affffffff4affffffff4b00749462894200040000000000c0596ccbbf00000000cda0be3f00000060c92aa43f000000206dc4b2bf000000c00e97c1bf00000040f75aa9bf00000000722db0bf00000020174cbcbf000000608a51b93f000000805c47bebf000000c02202ca3f0000008072af84bf00000080aa82c7bf00000040706c7dbf00000000b18c853f000000e06759b73f000000400054c9bf00000000cf9db4bf000000c03fffb1bf000000e0b577bebf000000c059adbc3f000000c0dbf6b03f000000c0a4d47a3f000000a07dabb73f0000006082abc6bf000000406c08d3bf000000e06c5abbbf000000c0f0bfbbbf000000a0b27ab83f000000e0f047a5bf000000001453603f000000806f7298bf00000020f36ac1bf00000080008399bf00000000aaa5933f0000002069eea93f000000e06e79a7bf000000a05e4bb0bf000000006b1cc93f0000008028fdb3bf00000080adf3cabf000000600fa9993f000000c0323aa23f0000004077e6d23f000000c0d1ebcc3f000000a0c4cf833f000000c03f05b83f00000000a085b2bf000000803373c83f000000e0d39dcabf000000609a8eb63f000000c0e9f9bc3f000000e064cfc23f000000000b0f953f000000009557a33f00000080b3f7c1bf000000a00ff49d3f000000c08467c63f000000e0ace9cbbf000000c0ebcaba3f000000602d52c43f00000080fa88c5bf0000002045319a3f0000006075a77d3f000000c0a2c6c33f00000080b6a3b23f00000080b7a0c3bf000000c07ff1c2bf000000c07c93c33f000000c0acf1c9bf0000004088ec65bf000000c0fae0bd3f000000e0d4b2bcbf000000c08522ccbf000000600e8dd4bf00000080c46ab03f000000204fffdb3f000000c009f0c63f000000c00e92bdbf000000806aab91bf000000c00631a5bf00000000d08f993f000000001d35ba3f000000e068dcbd3f000000406fe6c2bf00000060fe97b0bf000000e01384c3bf00000060120ebb3f000000c00f0ecf3f00000000d42463bf000000800014a5bf000000c01f74d03f00000040da8db83f00000040d68d9fbf000000806d41a43f000000c0e55ec53f0000004018d5c4bf000000e03c7dafbf000000006cf898bf00000000a031b53f00000020782c9c3f000000c0b215bebf00000020ec188b3f00000060b8fbc13f00000000a318c6bf000000408407d03f000000c068e0b8bf000000a07676843f000000c01d36bebf00000040a4bcb0bf000000e069c8b1bf000000a07118803f000000c0d8c4be3f000000e0b43fc8bf00000060cbebb33f0000008011a9c63f000000409a9ab33f000000601d54cb3f000000e06650a93f00000000a954903f000000c0d75f8ebf000000c0e838abbf00000040a481c7bf0000002022c6b4bf0000004034bcad3f0000000016f2a8bf000000a06c88c13f00000080535ea73f947494622e	5	\N	2023-09-28 12:45:10.288339
41	\\x8004958b040000000000008c156e756d70792e636f72652e6d756c74696172726179948c0c5f7265636f6e7374727563749493948c056e756d7079948c076e6461727261799493944b0085944301629487945294284b014b80859468038c0564747970659493948c02663894898887945294284b038c013c944e4e4e4affffffff4affffffff4b00749462894200040000000000a0bb0ecabf00000000cab0ba3f00000040c7f1a03f000000004e3dbdbf000000e0db04b6bf00000020f07899bf0000004042d1a7bf00000080ea5ec0bf000000c0b339c13f000000602c9ab8bf000000808aa0c83f00000080856867bf00000080c65fd0bf000000409300a5bf000000600713a03f000000a09994b43f000000807394c6bf000000801b32c8bf000000804352b2bf00000080fbf1b2bf000000e0ba05a33f00000060a99eb13f000000e0bb6d7a3f000000c00b7db43f0000008074e9c2bf00000060751ed2bf000000808d25babf000000a09d9ebbbf000000c0bbc79d3f00000060aaefb3bf000000002ede853f000000c07a8d9abf000000603f3fc5bf000000c0e55493bf000000406eed70bf000000e0874cb93f000000401644b4bf00000080a5ceb2bf000000002e78c83f0000000074d4753f000000803028cabf00000020939b8e3f00000000eae268bf000000a06300d43f000000e047a4cb3f000000e052629d3f000000c090c4b03f000000408de6a6bf00000020ebccc03f000000603ddccfbf0000004080eaa63f000000e0a147c63f000000809f14c63f00000040bb9995bf00000040e3e4a43f000000406e98c0bf0000008076eca43f000000600d58c63f0000006037e2ccbf000000808968c13f0000002030d9c33f00000020de8ac5bf000000006be3a23f00000080bd1d943f000000c0e77cc73f0000008042c7a63f000000805016c4bf00000060f270b0bf000000c0dedcc33f000000e072f2c4bf000000606861a8bf00000020b156be3f0000000034f1bdbf000000c06ff7d0bf00000060527ed1bf00000060b8afad3f000000c04df0d93f000000a0bfb7c33f00000080d5aebcbf000000c0a42c8e3f000000a0aea9a6bf000000608e18a83f000000c0797baa3f000000c0a142b63f000000c06aeec5bf000000202c40a3bf000000a0cd1acabf00000060916eaf3f000000c07c8ad03f0000004093019d3f00000080012593bf000000608106cf3f00000080bd08ac3f000000206524a0bf00000080bb0cad3f000000c05921c03f000000a07623b4bf00000040e2e9b4bf000000c04d17a9bf000000801e38a33f00000080d7d48e3f000000801cd5c2bf00000000bd258bbf00000000bb32ba3f000000c01389c3bf000000403a1ac73f000000e05018aebf000000e0009099bf000000205b0bc0bf000000601a11b1bf00000000d46aa6bf00000020e6176fbf000000e04989c13f000000805806cdbf00000000c563b53f000000c04054cb3f00000060ed46aa3f000000c00a70c63f00000040ab6aa83f00000060c152913f000000c0c327a8bf000000c0b084adbf000000009205c5bf00000060de2fbfbf000000a071b5a63f000000a0781a7b3f000000e0a5dec43f00000020e80baf3f947494622e	5	\N	2023-09-28 12:45:13.879528
42	\\x8004958b040000000000008c156e756d70792e636f72652e6d756c74696172726179948c0c5f7265636f6e7374727563749493948c056e756d7079948c076e6461727261799493944b0085944301629487945294284b014b80859468038c0564747970659493948c02663894898887945294284b038c013c944e4e4e4affffffff4affffffff4b0074946289420004000000000020df50cdbf00000020df0fba3f000000004a73b93f000000e09b8db3bf00000060714bc0bf000000e0fbf9a3bf000000405661adbf000000e059c6b7bf00000060cb26c13f000000c02dccc0bf000000c0cea7cd3f0000004075869a3f000000e0926dcebf0000000073537ebf000000009ba45e3f00000060ef3bbe3f00000080061dc2bf00000020afcfbfbf00000060d410b3bf000000c00090bbbf000000c057b1b63f000000c0620bb23f000000a07f5292bf000000809901a53f000000c09710c5bf000000e032f2d2bf000000e028debcbf000000c04edeb1bf000000c0fee1973f000000a0dbf6b2bf00000080a8c2973f00000060f9f59abf000000007d3dc1bf00000020299e90bf000000a060e2803f00000020b544b53f00000040be4fb7bf000000c03956b2bf000000e05290c53f00000000dd36a2bf000000c0f7d2cbbf000000a0379f853f000000c012779f3f000000803038d23f000000c09318c93f00000060f96ea43f000000207e80b43f00000080df3ab6bf00000040d93ac33f000000604e7ac9bf000000407c05a43f000000806a82c03f000000406d1bc53f000000007b3b593f0000000084b5a73f000000c0505cc1bf000000c0f113a33f000000602d62c63f00000020ebd1cfbf000000205728ba3f000000804411c53f00000020c4aec7bf000000c0b59e8bbf00000080b3da93bf000000c07a6fc23f00000000f79db23f000000c08a3fc5bf000000c08179c0bf000000a0a1adc63f000000c014dbc6bf00000000a88a89bf000000a039f8c23f000000400353bfbf000000202e48d0bf000000e0e617d2bf00000000f7bca43f000000e03e94db3f0000006006f4c23f0000008074c5b4bf000000c0e1bea6bf00000080854485bf00000000324ca03f0000000095bea53f000000006366b83f000000c0e077c4bf000000c0c02dafbf00000060a78cc4bf00000060ba5fb73f00000060ebacce3f0000004090d19b3f0000000006fe98bf000000603e76cc3f000000e0db1bb33f0000008005ee9fbf000000406164833f000000203c41c23f000000406169c1bf000000207d17abbf000000405cd8a2bf00000080bb6fa23f000000006b7c523f00000080040ec1bf000000c0b1828a3f000000c091c5b93f00000020114ac1bf00000020ed4ccd3f000000c0cc98b4bf00000060a41c883f000000c08819c0bf000000a07d37b0bf00000040525fb4bf000000206781993f000000a0ee4fc13f00000040d21dc8bf000000c049ccb43f00000080daf8c83f000000607806b33f00000060d426c53f00000000fdd3b03f00000040dfb4943f000000c0799da9bf00000060aa7eb2bf000000c0a5a2cabf00000040ab7db7bf0000000038429c3f00000020bac0b1bf000000401324c73f000000c0e056a23f947494622e	5	\N	2023-09-28 12:45:16.977952
43	\\x8004958b040000000000008c156e756d70792e636f72652e6d756c74696172726179948c0c5f7265636f6e7374727563749493948c056e756d7079948c076e6461727261799493944b0085944301629487945294284b014b80859468038c0564747970659493948c02663894898887945294284b038c013c944e4e4e4affffffff4affffffff4b00749462894200040000000000c0fa5acebf000000e0d8c9bf3f00000000ed1a9c3f000000004c5cb6bf000000204d57bebf00000080423b5dbf000000a05cc4aabf000000e03240c1bf000000006b17bc3f000000005cc7c4bf0000006023f9c93f00000000873e953f000000a00a2eccbf00000040fed5a6bf00000020ae8e72bf000000400a40bc3f000000606582c8bf000000c082ebc5bf0000004063a5b4bf000000c019e2bcbf000000c03894b03f000000609a4cb53f0000008060d17fbf00000060a8d4b03f000000004c13c3bf000000a0b5a5d2bf000000a00fb7b9bf000000a0b5b2babf000000608502a43f00000040b8bfafbf00000020d707a43f000000e06a2f98bf000000400b27c0bf00000000c0191f3f00000000f6eb6c3f000000008712bf3f0000008058a7a7bf000000c05b7da8bf000000805e06c63f000000e0a8de7ebf000000405d91c9bf000000407870923f000000e07f8ca33f000000c04270d63f000000407d60ce3f000000a022d19d3f00000000a13fab3f000000006abea1bf000000c0a836c43f000000c00facd0bf00000020e07fac3f0000002000edbd3f00000040e93fc63f00000080022692bf000000c0be77a53f000000c0c8f5c2bf000000403cbfa23f000000a09727c43f000000c06572cbbf0000000013d1be3f00000040a10ec43f000000c0abfcc9bf00000080796f923f00000060b48ba63f000000008056c83f000000c03643b43f000000c07097c3bf000000808b99b9bf000000609079c83f000000003edcc7bf000000801bbd95bf000000e0933bbb3f00000020742ac0bf00000060fb57cdbf000000e03ad2d0bf000000000cc0b03f000000a04c44de3f000000805d11c63f000000605f5ab3bf00000080fa6b7cbf000000008c689dbf000000004fcfae3f000000c0c138b53f000000600487bd3f000000605c44c2bf000000409708b8bf000000607385c8bf00000060fe38b63f00000040dd3dcf3f000000a09ba48f3f000000c01898a7bf00000060802ecf3f000000e0419db03f000000c004a3a3bf000000c0b570ab3f00000020cd40bd3f000000005eadbcbf0000002009ceaabf00000040fef2a7bf000000c0a892a23f00000080cd5d73bf000000003827c2bf000000002441913f00000020a9d4ba3f000000608bdebfbf00000060b932c83f000000e05ad5b5bf000000c0a8cd8a3f00000080ce0cb9bf0000004069f3abbf000000c0baceb0bf000000808b83443f000000a05afdc13f00000020f1acc7bf000000208df6b43f00000040dcb2ca3f00000060d9b1aa3f000000a0c4d9c93f000000200447b63f000000e00b7ca43f0000000077e174bf000000008f80acbf0000006031f3c7bf000000e0e436b9bf00000080c987943f000000e042cba3bf000000001bddc23f00000060c077aa3f947494622e	5	\N	2023-09-28 12:45:20.200799
45	\\x8004958b040000000000008c156e756d70792e636f72652e6d756c74696172726179948c0c5f7265636f6e7374727563749493948c056e756d7079948c076e6461727261799493944b0085944301629487945294284b014b80859468038c0564747970659493948c02663894898887945294284b038c013c944e4e4e4affffffff4affffffff4b00749462894200040000000000200c4fb9bf000000a07ca1c03f000000c0601976bf000000809b14843f000000e0ea79bdbf0000008012ba8dbf000000803635bbbf0000004001eca1bf000000202609b23f0000006017a6753f00000020fabbc63f000000c0ef4ca0bf00000080f111cebf00000080386caabf000000802849a9bf000000202ee8c03f000000a04527c3bf00000060db48c2bf00000080c744bdbf0000008053c397bf00000040e4abb3bf000000802e74b73f00000000657654bf00000000b103ac3f000000408849a3bf00000020df56d9bf00000060963bb3bf000000e0dc99b6bf000000c02c0bb93f000000400634b9bf00000080c32389bf000000008632b53f000000202c2dc3bf00000020adafc0bf000000a0cef3b93f00000040f8a5ac3f00000040a6ecbcbf00000080e431623f0000006066a0d13f000000207834b83f00000080f4cdbfbf000000a0f4eb923f0000004011cca83f000000207aa2db3f00000000ebb4ca3f000000c009c6a63f00000060d1498d3f000000a09c39813f0000006052ccaf3f000000e04750d1bf00000080bdd3b13f000000007b0dce3f000000e037d6c43f000000a03986c03f000000006f9cac3f000000c0e7deb8bf000000e04d55ae3f000000a0db64c53f000000e00d5ad1bf00000000d45ab93f000000a03ee8bb3f000000808b3cbabf000000c09e749b3f00000040b919a3bf00000060dd14ca3f000000407d45ab3f000000e0466eaebf000000a0a326c3bf00000080f814c13f000000402a88c6bf000000202ef195bf00000080e0a5a33f00000060dbedb0bf000000c0d257c6bf000000209e66d0bf000000a0ff98a43f00000020a903d23f000000604d44ce3f000000a07425c2bf0000004068619b3f00000040ce01a0bf00000040972bbebf000000402b8d9e3f00000020156a9fbf00000040c5c2babf000000c01afcb0bf000000c05dd5b3bf0000008041816e3f000000203235c43f0000008067e4ad3f000000409d3d713f000000e03897c83f000000003f36a03f000000006413a8bf000000a08d2bbe3f00000080dac4903f00000040418abcbf00000000fc9badbf00000040a4fbc3bf000000802242533f0000000059feb6bf000000e0d833c2bf000000202c6aaf3f000000e002f1aa3f00000020de23c0bf00000020a8c7c93f000000a06dee8abf00000000fa194d3f000000800bf6b2bf00000020ef1d823f000000a0cb24bfbf000000e04bf3a0bf000000a03873cc3f000000a0ef35cbbf000000a0b811cd3f000000207cddc23f000000e0fb7bb13f000000c0415dc03f000000204d89b63f00000080f6d29f3f00000040ce5fb3bf000000609b24aabf000000c01fabbdbf000000a05116c0bf000000802dae943f000000c07ce8a0bf00000040a381b43f00000040c928ae3f947494622e	4	\N	2023-09-28 12:45:24.148919
46	\\x8004958b040000000000008c156e756d70792e636f72652e6d756c74696172726179948c0c5f7265636f6e7374727563749493948c056e756d7079948c076e6461727261799493944b0085944301629487945294284b014b80859468038c0564747970659493948c02663894898887945294284b038c013c944e4e4e4affffffff4affffffff4b0074946289420004000000000060faddc8bf00000080d64cba3f000000e0c61d993f000000c06f21b6bf000000803f19bbbf0000002089a4b3bf00000000705741bf000000e0bfe8c1bf000000e0448bbd3f000000804121b6bf000000e0c1f2c33f000000406caca23f000000c033b9c3bf000000401660b0bf00000080769776bf000000e0a53db73f000000a04d91c6bf000000200eb9c0bf00000000dd0aadbf00000060b711bfbf0000004099a1af3f000000805612a13f000000604183b23f000000e04551b83f000000c0169bc1bf00000020d335cdbf000000c0ec55acbf000000405b14c3bf00000000b756aa3f0000008013e2903f0000008087d6aa3f000000402796a93f00000040531bc4bf000000001e6180bf000000c05649ab3f00000000a0dbb23f000000c0609699bf000000605924a3bf00000000e1c6c93f00000000e28c453f000000400c06c9bf0000002047b393bf000000c05b039d3f000000404bb5d23f000000e04aa0ce3f000000806e2947bf00000020bb27b03f00000020a3a0b7bf000000a09f4bc83f00000060b8f1cfbf000000c064589e3f00000040ba48c23f0000008075c4b33f0000004070dc91bf0000006043f8b93f000000c0f132c3bf00000040961dbb3f00000060614eb73f000000a07679d0bf000000201531b43f000000200f2cbb3f000000a07f2cc1bf000000805e0388bf00000040a662a8bf00000080cb70c63f0000000000f9b33f0000008034e1c3bf00000060823cb9bf000000c01a72be3f00000080a449c9bf00000000ca9f673f000000201553c73f00000040ed11bfbf000000003779cebf000000e0f85fd0bf000000003679a73f00000080df08db3f000000c08054cf3f000000001468b5bf000000c0ef458b3f000000a06ffaa0bf000000208b499a3f000000208df6ba3f000000c07f70c33f0000008069f3bfbf00000040bb3d90bf00000000a099bbbf00000040d02ba53f00000060bdbac33f00000000802b4e3f000000c0e1f5b0bf00000040d368d03f0000000074d5903f000000a0ff0ba1bf000000003cdd31bf000000c095c1b73f00000060f126c1bf000000a053c09abf000000a07f64b0bf000000c0af27733f000000c05a54783f00000080933abcbf000000a0aa09a53f00000060ae23b23f00000040c559c5bf00000020b96abd3f000000c0bbeac0bf000000c0cbc394bf00000000efbbc2bf000000a02219bfbf0000004069e1a3bf000000c07769a83f000000e0c5d9b53f00000080964cccbf000000e05639c23f000000403996c73f000000c00c467d3f000000602d82c73f000000205632ab3f000000407eeb733f000000c0308899bf000000008691b0bf000000e00baeb4bf0000004092c8b1bf000000803bb8aa3f000000e03aa9adbf00000060966ac13f000000804a35a0bf947494622e	5	\N	2023-09-28 12:45:24.30924
47	\\x8004958b040000000000008c156e756d70792e636f72652e6d756c74696172726179948c0c5f7265636f6e7374727563749493948c056e756d7079948c076e6461727261799493944b0085944301629487945294284b014b80859468038c0564747970659493948c02663894898887945294284b038c013c944e4e4e4affffffff4affffffff4b00749462894200040000000000402d3cbebf000000e00dcac23f00000080ec588c3f00000040837989bf0000000083cfbabf000000c0d8e39a3f00000020a531bebf00000000a098a6bf000000c02346bd3f0000008023be9fbf00000040ca6bc63f000000809996723f0000004071ddcbbf000000204d32b4bf000000406790b7bf000000005277bd3f00000040d56fc6bf000000001ffec1bf000000803784b6bf00000080d26fa4bf000000a013cfa9bf000000400602b33f000000206b6595bf000000000834133f00000040a9d7a6bf000000c05705d9bf00000020a445b5bf00000000b33db3bf000000a0fc91b63f000000e09093bfbf0000000072cd643f000000a04889b03f000000800ecac5bf00000080c250b9bf000000a09889a23f000000e07172aa3f000000e0a896b3bf00000000b6e89b3f00000020d6cacc3f00000080103cb83f000000c0207cbabf00000000d0f19f3f000000005ba0a93f000000603a55da3f000000c040a3cb3f00000040b041b03f000000c002af9bbf000000c0fe0c91bf000000c0c714b83f00000060b20fd0bf000000807a43a93f00000040d9c4cb3f000000204f38c53f000000802073ba3f00000040b36bb13f000000c07002b8bf000000807a7fa83f00000060b23cc13f000000805df3d0bf0000006085a9b73f00000080d692b33f000000a08669bbbf0000000014c34f3f000000a03c1ba1bf000000000351ca3f000000e0c06bb23f000000c01651a9bf000000a0ba21c2bf0000000052b1c43f0000008031bdc5bf00000000c3da7abf000000e070739a3f00000040fa47a0bf000000e035c8c4bf000000405808d0bf00000040cc83ab3f000000a0ddffd33f00000000f2cccc3f00000040a363c3bf0000000099729f3f000000c05301a8bf0000006052afbfbf000000c03a94a43f000000a0961fa0bf00000060993cc3bf000000a06c21a8bf000000c0f943b5bf000000e0cc918ebf000000800a2ec53f00000000d9a9b23f000000c0ce7e833f000000004463c83f000000400e73a33f000000608176a3bf000000c0f464be3f000000a087337bbf000000007538c0bf00000000f370aabf000000c0fd1bc7bf00000040cbd69dbf000000a0ba19b7bf00000060d271c6bf000000e07c59a33f000000805c01a83f000000600425c0bf000000404fc3c73f00000000acef883f0000008069f698bf000000a0527cb1bf000000a0ec70833f000000e0a4e2bebf0000006089dea2bf00000080d36dcc3f000000a08bdeccbf000000605dc5cb3f000000001dabc13f00000000cb48b23f00000040bc51c53f00000040e3c9bc3f000000c0c4f9b13f000000c030eeb6bf00000040011aa7bf000000c01247b3bf000000e02c23c0bf00000040de348a3f00000060fbdca8bf000000803375b63f00000040a9ccaa3f947494622e	4	\N	2023-09-28 12:45:27.491849
48	\\x8004958b040000000000008c156e756d70792e636f72652e6d756c74696172726179948c0c5f7265636f6e7374727563749493948c056e756d7079948c076e6461727261799493944b0085944301629487945294284b014b80859468038c0564747970659493948c02663894898887945294284b038c013c944e4e4e4affffffff4affffffff4b00749462894200040000000000200b02b3bf000000e0e49ac03f00000000a125943f000000e03f26923f000000600657b7bf000000e0d7778fbf00000080e682bcbf0000002037e18ebf000000200edab23f000000a0723b923f00000060132bc63f00000020ed1e95bf000000c0b9f1c9bf000000604308b1bf000000e01fdbb8bf000000607fa6ba3f000000c0894fc2bf00000020f89dc1bf000000c07970b7bf00000040a82f90bf000000e016c39fbf0000008054f3ac3f00000020f9578dbf00000040c4067e3f000000a0a244abbf000000604765dabf000000401a87bbbf0000006008a3b1bf000000e0be97b73f000000200b30c1bf000000c0700b71bf000000a0f65ea93f000000a0b530c8bf000000406b56b6bf000000804393a43f00000040de9e853f00000040c8cfb6bf000000803ca789bf00000060610ed03f0000000026eab83f000000e0c894c0bf000000007c65a93f000000003a2eb23f00000040c940d93f000000c0d029cd3f000000806cc4af3f00000000859196bf000000403753933f0000006035cbb23f00000000745cd0bf00000000311cb53f00000080940ccd3f000000005dadc53f000000803911bf3f000000803199b03f000000807950b1bf00000020d404a23f000000003e0dc63f000000405b07d2bf000000a0c08db73f000000802a36a63f0000000042a1b5bf00000000cea38abf000000607562a7bf000000a03d29c63f00000020a40dbb3f000000a0c7c2a5bf0000002029e5c3bf000000a0ad31c63f000000c0f329cabf00000040a4278cbf0000002008798e3f000000202184a0bf000000608c57c6bf000000007e72d0bf000000c01f04b33f000000006eb8d23f000000c00673ce3f000000202d52c5bf000000c0fc46a53f000000807f4980bf000000a0ce2fc0bf00000060885fa13f000000c0c0779abf000000e00a89c1bf0000000095b4a7bf000000c05fdfb4bf00000080b89d89bf000000e025f1c43f000000e09076b33f000000203b7e653f000000a0e1b9c73f00000080d403943f00000060897fa0bf000000a02df1bb3f00000060910981bf000000008900bebf000000c0fdb8a6bf000000a06accc6bf0000006047ed87bf000000204ad6b4bf000000a00451c1bf000000c0c5e2883f000000a0e004b33f000000601ac8bcbf00000080800bc73f000000e03007863f000000a01df7a4bf000000a01af0b1bf000000a09280943f00000000bdd4b9bf00000080a980a6bf00000040ac46c73f000000e09902ccbf000000001f75cd3f000000005752c03f00000040cae9ae3f000000c0d461c13f000000e0693ab83f0000000064f5a93f000000c05439abbf000000403445acbf000000e0728dbebf000000209541bfbf0000008078ef933f00000000af8ea8bf000000e08e52af3f000000c0b359a83f947494622e	4	\N	2023-09-28 12:45:30.956347
49	\\x8004958b040000000000008c156e756d70792e636f72652e6d756c74696172726179948c0c5f7265636f6e7374727563749493948c056e756d7079948c076e6461727261799493944b0085944301629487945294284b014b80859468038c0564747970659493948c02663894898887945294284b038c013c944e4e4e4affffffff4affffffff4b0074946289420004000000000040fe39b8bf00000020bfeec03f00000080573482bf00000020f1b589bf0000000052c8c1bf0000000097d6903f000000000219bfbf00000000174188bf00000060aacabf3f000000404eef963f000000c07d3acb3f000000601f918abf00000000f0f4cbbf00000020416db0bf000000a00c86b8bf000000e0a242b53f000000406321bfbf000000002c3cb3bf000000a0a59bbebf0000008089f561bf00000040fd728abf00000080fdd1b43f000000c097b686bf000000803546b03f0000004043d8b5bf000000e009aed5bf000000c070d2aabf00000060309fc2bf000000203ce3ad3f00000000f377cebf0000008002ecb6bf000000e065d3b73f000000c07f0ec6bf000000403714c5bf000000c0ed15a93f000000406b62a63f000000202e36a0bf000000c04b85abbf000000209ef4c63f000000402473ba3f000000c0d664c0bf0000008008c3a63f000000807665b83f00000040cbc7d73f000000e05370cc3f0000002024db913f000000005ebd94bf000000e061f6a0bf0000006017f4c23f000000001110d0bf000000e06558a73f00000040f1a1c43f000000e0c4d7cb3f00000080bd74c13f000000803781b03f000000e0073ec2bf000000c09a59ae3f000000e05790b73f00000060d367d1bf000000400585c03f000000208fdbb13f00000040713db5bf00000000e86ba3bf000000009cf8a5bf000000a0958fc83f000000a01d65bc3f00000020b9b2b1bf000000805e9bc1bf00000000df06bc3f00000020c49bc3bf000000c037039bbf000000204153b43f000000403739b4bf00000080948ec8bf0000006078cfccbf000000e008d2b73f000000c08071d33f000000206704cd3f000000006ff3cbbf000000006ffd943f000000405db8b2bf000000a05d19bcbf000000c0303699bf000000603678913f000000c0732db7bf0000000063e096bf000000400118a4bf000000a047e6863f00000020261ec83f0000006075eea13f000000201fcd923f00000080450dcc3f00000040fc929e3f000000006644a5bf00000060cdb8bc3f000000a027b69f3f000000a0a882c1bf000000e0e43caabf00000060a60cc1bf000000806775773f00000080a63ea3bf0000008033b8cabf00000080c139863f000000a0cfc8983f000000203428c5bf00000020d250c03f000000c098238f3f000000e034ccacbf000000809e0d9cbf000000600a0399bf000000e01440babf000000c0d9b39bbf000000a01bf2c93f000000800c68d1bf00000060dee9d13f000000c0d8ecbe3f000000e0887bbd3f00000000faaac33f00000000993fb23f00000060814cb33f00000020cb8e84bf00000040a54399bf000000200df184bf0000008029e5c2bf0000006050edac3f000000603819a7bf00000040443b9f3f0000000030c968bf947494622e	4	\N	2023-09-28 12:45:34.091155
50	\\x8004958b040000000000008c156e756d70792e636f72652e6d756c74696172726179948c0c5f7265636f6e7374727563749493948c056e756d7079948c076e6461727261799493944b0085944301629487945294284b014b80859468038c0564747970659493948c02663894898887945294284b038c013c944e4e4e4affffffff4affffffff4b0074946289420004000000000080ac92c7bf000000209926c83f000000c0e7abb03f00000040153fb5bf0000002046b6b9bf00000080adde8a3f0000000086b3aebf000000808179b6bf000000003fa4c23f00000040e29bb5bf000000c0fb2bcc3f00000080212cb43f000000a02e10c8bf000000c0a587a6bf0000002053af7bbf0000000025eeba3f00000060d85cc5bf000000e09f1dc5bf000000c07a7095bf000000004393b2bf00000040f63dc43f00000040ef19b23f000000801aa996bf00000080e609a03f00000080fe62c0bf0000002040ead0bf00000040099fb1bf000000c0b271bebf000000c0bdc8a53f000000200db3a1bf0000000009967ebf000000a07979acbf000000404664c4bf00000000b0c174bf000000c0f3b89b3f000000a0defdaa3f00000080b8eaa9bf00000020210999bf000000608eccc23f000000004719a0bf000000407bdacebf00000000f0708ebf000000403049b63f0000008037f5cd3f000000600cb7cc3f000000e0f8d9a33f000000806500983f00000000fb8faabf000000408186c03f000000804ef8cdbf0000000085c3b23f00000000c4e7c43f000000606499c63f00000020d1e4a43f000000400a72b63f000000c0158ec5bf00000060ea31a03f000000804d25b93f000000e01549cabf000000e06072b13f000000c013a6b63f00000040775bc5bf000000a0c4b38abf000000c06ce86fbf000000e0d1c6c33f000000a002c5b93f00000060787bc0bf000000807e2ec0bf00000020dc88c13f00000000f3a4c4bf000000a0ccbeadbf000000206209c33f000000007b32bfbf000000a0a5fccabf000000003398d0bf0000008024e1953f000000a05bdada3f000000201006c53f000000e04273bfbf00000060112c913f00000000571d85bf000000e04ce0a13f00000040d8a3b43f00000040f6a7bc3f000000a00e6cbbbf000000403f9f97bf000000e07b65c3bf000000c09a8ca73f00000060f57dc83f0000008080d795bf000000609b5097bf00000080a9f6cc3f000000808b888f3f000000006d0b963f00000020fb39903f000000e002b7c33f00000040fc9bb4bf00000040d687abbf000000403b5aaebf00000000b1ca96bf000000a0fa3c92bf00000060efa8b4bf000000e0a8569abf00000080d06bbd3f000000e0316dc4bf00000060781eb93f000000a09282aebf000000c03b1c973f000000c06a77bfbf00000080b08dafbf0000000024aa5ebf0000008016e84bbf000000206c4db33f000000c0551fc6bf0000000096d7c23f000000c05be8c53f00000000815da7bf00000060ec0cc43f00000020c302ad3f0000000087258e3f000000e081a48cbf000000c006a0c1bf000000009d09c6bf0000008030a3b7bf0000006001db973f000000201afaa9bf00000060745bb93f00000060909c713f947494622e	5	\N	2023-09-28 12:45:34.256304
51	\\x8004958b040000000000008c156e756d70792e636f72652e6d756c74696172726179948c0c5f7265636f6e7374727563749493948c056e756d7079948c076e6461727261799493944b0085944301629487945294284b014b80859468038c0564747970659493948c02663894898887945294284b038c013c944e4e4e4affffffff4affffffff4b0074946289420004000000000080d183b1bf000000c09411c63f000000204d2dbf3f000000200c2c983f000000405501b8bf000000c0863aa9bf00000040d908b7bf000000e034648fbf0000002044d7903f0000000043306b3f000000406de3c73f00000000ff58673f000000e0b21ec1bf000000407ae5b3bf000000e0d6cea9bf000000001ed9ba3f0000000087babebf00000040ee81b8bf000000605c10bcbf000000e0eb7e9cbf000000c0e8108bbf00000060a0aebf3f000000e0e6ea823f00000060b0648a3f000000a05c41abbf00000020b55ad8bf000000007f77afbf00000040be2a92bf00000080b018c03f000000e0c3e7bcbf000000a03370833f000000c0983f97bf000000807618c8bf000000c07749b3bf00000020f53dab3f000000401e939a3f000000202f98c1bf000000a0765fa4bf0000006082a9cd3f000000a035acb83f000000407942c2bf00000040f997b93f000000400858ae3f000000600b9ad63f00000020abb9cc3f000000c09ef9b73f00000080ef75a33f000000403639b7bf000000c02670b73f000000e042c7cebf000000008615a83f00000060bab9c73f00000020eaebc33f000000004e6ba63f000000000372b33f00000080aca0b7bf0000008002c1a13f00000080625cb63f00000000d478d2bf00000060753bb33f0000000084aaa43f000000802bb8b1bf000000c01ba294bf00000000a32fafbf000000c03d79c33f000000c07f5db13f000000807569a1bf000000401192c4bf000000e0da55c93f000000e04ad6cbbf000000c0fa8c9fbf000000a0474bb73f00000020045b933f00000040a8a8c1bf000000c0bbf1d1bf000000408708933f000000802d48d63f000000607da4c73f0000000045b4c2bf000000c08b42903f000000c07a369bbf000000008153b6bf000000a0c8f89b3f000000e07276913f000000e0e16ec6bf000000a06913b2bf000000e00a95b1bf000000c0e90ba33f000000007586c63f000000000ef9a93f000000e00f6390bf000000c013e6c13f000000c0a76db63f00000040428372bf000000c0d187b33f00000000fe98a0bf0000000053e6c1bf00000000103d54bf00000020b611c1bf00000000925653bf00000060af3caebf00000000ef09bdbf000000c06f6fad3f000000200835bc3f00000040aaa3c5bf0000000061a2cc3f000000c0a26981bf00000040dc18b8bf00000080198992bf000000208362993f000000a04030bebf00000000977386bf000000e09e76c43f000000000a7fcdbf000000602de3cb3f000000008068c43f000000c086ada83f00000000c5cebd3f0000004099d3ba3f000000401c13ac3f000000e062cdabbf00000060f170a1bf00000060d685c1bf0000004007f5bcbf00000060407f85bf00000040a20ebdbf000000a063eabb3f000000009046a23f947494622e	4	\N	2023-09-28 12:45:37.805848
52	\\x8004958b040000000000008c156e756d70792e636f72652e6d756c74696172726179948c0c5f7265636f6e7374727563749493948c056e756d7079948c076e6461727261799493944b0085944301629487945294284b014b80859468038c0564747970659493948c02663894898887945294284b038c013c944e4e4e4affffffff4affffffff4b0074946289420004000000000040dab8ccbf000000c0ac9ac33f000000a0f81aa83f000000203c83aabf00000020fe11b4bf000000c0eeabb2bf00000040a772a1bf000000e0a7f1b3bf000000a0ad99b23f000000c0ce9cafbf000000c04a79c93f0000006028ba8cbf00000000a00bcabf000000a0a9aaacbf000000a00ec98abf000000405da0b93f00000060cfcac5bf00000000d59cbcbf00000040eeabb1bf000000c0bdeabdbf000000802d36ba3f0000000035b2b83f0000000015c8703f000000c0e619b63f000000006f18c1bf000000c068d3d1bf00000000fef2b0bf00000000fd92b3bf000000004e11993f000000c0de0ba2bf000000805026a53f000000805e71a43f000000401a73c3bf00000080b778843f00000080225aa13f000000c0e415bd3f00000000e8d7a9bf00000040c7fa95bf000000c0289cc93f00000080a70e9fbf000000205cbec6bf000000001564afbf000000a04eecac3f00000040c8cdd53f000000a084e7c93f0000000006e7533f00000060f024a63f000000c00dbfafbf000000409f75c23f0000002071eecdbf00000080ba309f3f00000040c41dc73f000000607fe5b43f000000a01fceaf3f000000407541ad3f000000803ab1bdbf0000004080baa93f000000a0bc12c43f000000c0a913cabf0000002023d2b23f00000060eabdad3f00000080278fccbf0000008062cb93bf000000e01838aabf000000409b74c53f000000c04817b03f00000020b975bfbf00000020bd6bbfbf00000060d3b5c63f000000002989c9bf00000080de37a7bf000000c0dc0ac53f00000020bfc3b2bf000000402920cdbf000000806546d2bf00000080b07cae3f000000606e97d93f000000c02c25c73f0000002069f5bfbf00000040dbdc993f000000e09470773f000000a07d7d98bf00000020637dbe3f000000807786c23f0000006096ecc0bf000000a0c0c2873f000000e0a4cac4bf00000040e8a1b73f000000801842cd3f000000009f1088bf000000403ca295bf000000c0eb0fd03f00000080974bb13f0000008030c392bf000000c0128cb23f00000020d2f9bc3f00000040c554b5bf00000020b910a4bf00000080c647b5bf000000808cce9c3f000000401eb2ae3f000000007909c5bf00000080a05979bf00000040ec69b43f000000c0394cc1bf000000c08347c43f000000c0a699a6bf00000000f84680bf000000601abcbdbf000000a039ffb6bf000000c05625a3bf000000a0b77587bf000000a000afc03f000000c0de53c9bf0000002090a9be3f000000a0c65fc53f00000080a4315bbf0000000076d1cb3f000000c0e331a33f00000080c86eb63f000000406e4ba5bf000000a0cbf3bebf00000000f5b9bcbf00000080c475b3bf00000080ea7ab03f00000040690e7d3f000000006d6eb93f000000e0a8ac773f947494622e	5	\N	2023-09-28 12:45:37.962335
53	\\x8004958b040000000000008c156e756d70792e636f72652e6d756c74696172726179948c0c5f7265636f6e7374727563749493948c056e756d7079948c076e6461727261799493944b0085944301629487945294284b014b80859468038c0564747970659493948c02663894898887945294284b038c013c944e4e4e4affffffff4affffffff4b007494628942000400000000002006dcc7bf000000e0b31bc13f000000401899ab3f00000080c7a8aabf000000e0afcfb4bf000000000daaaabf000000203f38a4bf0000004005d8b3bf000000a0f060b83f00000060134db7bf0000002073d4c83f000000c013b98b3f000000c08586c3bf00000040da6682bf00000080ccd2963f000000a0aab0bd3f000000600309c4bf000000c07d1dc9bf000000003150a7bf000000401fadbdbf000000400800ba3f00000060cdd4a13f000000c0fd69a0bf0000008008b0bd3f00000000440bcdbf000000c00511c7bf000000c0a180b3bf000000804b10b2bf0000006005989c3f000000608258a1bf000000a07bbe943f000000c0c70d683f000000400bf9c4bf00000000255b8f3f000000c0fca9a93f000000e0b8e6b73f000000c0f3a4a4bf000000609b3ab1bf000000a03437c63f00000040539d81bf0000002029ddc6bf0000002088e084bf00000080569bbe3f000000e00666d43f000000c0a14ed13f000000c0af06a83f000000c0e327ae3f0000004060f392bf0000004059c8ca3f000000e0ca3cd5bf000000c089f0ac3f000000c09aa1c13f000000e0c95dc33f0000000081bea03f00000000a51ac13f00000000d7fbc5bf000000809d40623f00000000eac5c23f0000000008e0c4bf0000008010bec13f000000207a6aae3f000000c06acbb8bf000000804dd681bf00000000a687bdbf00000060e304ca3f00000020b835b53f000000007511c8bf000000c0d78eb7bf000000a06872c83f00000060cbbec4bf0000006026f2aebf000000c01c56c83f0000002084b3b7bf00000040ab90cdbf000000e00398d0bf000000801b85a63f000000209533d83f000000402033c73f000000203462bbbf000000808a1eab3f000000e0a76e993f000000c0d566ac3f000000e0b0b68f3f00000000b0eaba3f00000060fae4b4bf000000403180a4bf000000a044b1c4bf000000a06c82a03f000000401d64d13f0000000085b3533f00000000381c643f00000020ec1cd03f0000002016e1833f00000080b0e4a8bf00000080eca179bf000000607a19c33f000000e0ff31c1bf000000806a5fa9bf00000040b304b1bf0000004081ac623f000000c0a065823f0000000059d5b3bf000000e0af6a8cbf00000040b2bcba3f000000804370c2bf000000e01dc7c23f00000080b9b8bcbf00000060bbd3a83f000000c0e936c3bf00000000f23aa8bf00000020d8ffb2bf00000040f705aa3f000000e0715fb33f000000c0e7c4cfbf000000a0e568b63f000000e0fbb3c03f000000609981aebf00000020ea51bf3f000000803ee3a53f00000080a8d9a73f000000806a4c733f00000060c533b0bf0000004032efc1bf000000409293c0bf0000008019368e3f000000c08b2cb6bf00000080f9bdb03f000000c04974a33f947494622e	5	\N	2023-09-28 12:45:41.048077
54	\\x8004958b040000000000008c156e756d70792e636f72652e6d756c74696172726179948c0c5f7265636f6e7374727563749493948c056e756d7079948c076e6461727261799493944b0085944301629487945294284b014b80859468038c0564747970659493948c02663894898887945294284b038c013c944e4e4e4affffffff4affffffff4b00749462894200040000000000205a45babf000000c02313c63f0000008035d9923f000000603aec903f000000601ba0bbbf000000006dbe4f3f000000e00686bcbf00000020cb1687bf000000002f68af3f000000201f26a23f0000008040cec83f00000060620899bf000000a00adec7bf000000c0a0d1b9bf000000201400b9bf000000a0ab64bc3f00000080b663c1bf00000020713fc1bf000000001c2eb3bf000000c0a39393bf00000020b9fda1bf000000806f2db03f0000004090c9823f000000a0cddba53f000000c0131ea0bf00000060af51dbbf00000080c3b7b1bf00000000e3aeaabf000000e0ab44bc3f000000a0e329c0bf000000e00517a8bf00000040c723ad3f000000a0cd15c4bf000000c09a5db9bf000000a0b4a0b23f000000c00efea33f000000a01048afbf00000040950767bf000000c0766ed13f0000002022cfb53f000000a00cb0babf00000020ea18a93f00000060112eb23f000000e09385dc3f000000a09165cb3f00000000a76ab53f00000000feec863f000000c043c278bf00000020a646ba3f000000e01c57d0bf000000603cc4b23f000000c0783bce3f0000004051ccc03f00000040be07aa3f0000000079ccb43f00000000fedababf0000004086bd713f00000060a053c43f000000204c0acebf000000c0558db83f000000008bd7963f000000e03efab0bf00000000f8a394bf0000008090e8bcbf000000802e76ca3f0000006052ffb13f000000c030eab0bf000000603f6ec1bf00000000aa0ac43f0000000037c0c4bf0000006011f97b3f000000c069d3a23f00000080ec3cafbf000000408c41c6bf000000a0e1fbd0bf000000e07243b43f000000400396d53f00000060ab43ce3f000000c04e4dc5bf000000205440a43f00000080c42b3cbf000000206db6bbbf000000e007e2ae3f000000808e658a3f00000020ac7dc2bf00000060ff65a7bf000000002e94b8bf00000000e8f8243f00000000c0dcc43f000000a06582b33f000000a05d068abf000000c0d99bc43f000000c0c1a7a13f00000040c07f703f0000006049a1b53f000000009ec279bf000000c0c6f4bdbf00000020118ca0bf0000006091f1c7bf000000c01e32923f000000e0c8bfb4bf0000004061bac1bf000000405bc59a3f000000006ba9b43f000000c0c892c1bf00000060b129bf3f000000801e70833f0000000086c7a1bf00000020e700b3bf000000007721853f000000203adfbbbf000000007a83a1bf000000c0cc6bc63f0000004083b0cfbf00000020560eca3f0000004069bbc33f000000e07e87b43f00000040f884c33f00000000796abb3f00000080f842a23f000000c0afaa99bf000000808202a7bf000000c00cb6b7bf000000004fb5bcbf00000080661e943f000000407dc9b1bf00000000f81fb23f000000605bdea23f947494622e	4	\N	2023-09-28 12:45:44.319248
55	\\x8004958b040000000000008c156e756d70792e636f72652e6d756c74696172726179948c0c5f7265636f6e7374727563749493948c056e756d7079948c076e6461727261799493944b0085944301629487945294284b014b80859468038c0564747970659493948c02663894898887945294284b038c013c944e4e4e4affffffff4affffffff4b00749462894200040000000000208e64bbbf000000e07c71c63f000000c004bf853f00000040799584bf000000e0123fbbbf000000c08804953f000000606865b9bf000000807e0a92bf0000002076acb43f0000002063fa8cbf000000a04a38cc3f000000401917a0bf000000c0acbdcabf00000060eea0bebf000000e002e6b4bf0000002013f6c03f000000804cd4c2bf000000803a9bc0bf000000c0d968b9bf000000807a7883bf0000008067bf87bf000000a06f26b63f00000000742472bf000000c009b7a63f0000006009c191bf00000060da50ddbf000000804f5fb0bf000000009551adbf000000a02cf3b53f00000060dcafbdbf00000060b808a5bf00000080d0f6b73f00000060c83cc2bf000000a0e63cb8bf000000c0f87cb03f000000c0aeaaae3f000000a049d1a7bf00000000a45d933f000000c089dace3f000000c04f06b43f00000060fef7bcbf000000607f29a13f00000000b21cb53f000000009d7eda3f00000060a2eccc3f000000e013aab13f000000c02ba6853f000000c0679692bf0000006060f5bb3f0000008007dbd0bf0000008051ffa83f00000080321fcc3f000000405ce2c23f000000c01541b73f000000000f00b53f00000040a3ccb5bf000000c005b4903f00000040d75ec53f000000c05155d0bf000000a04c32b33f00000080834a9d3f00000080e682b8bf000000c0707f98bf00000000d4e3b4bf0000000041dfca3f0000002030cdb03f000000608a44b2bf000000a0bde0c1bf00000060fc61c43f000000409847c5bf000000002ba188bf000000408af0a93f000000609bc9b2bf000000400db6c6bf00000060163bd0bf000000404b1cb53f0000000070cfd43f000000e08560cf3f00000080d36bc4bf000000c0da009f3f00000040c9057cbf0000008003c2bdbf000000a04cf9af3f000000a0e69e703f000000205470bebf00000000fbe5b0bf000000c09ee9b6bf000000c0a727963f000000e0227cc53f0000000083a7b13f000000409f39793f00000060ee6aca3f000000008355a43f000000a06e498c3f00000080d0c6b43f000000a0220f783f0000002073eeb7bf0000004069189dbf000000a0836ec8bf00000000a8288c3f000000205163b5bf000000009cdbc0bf00000000c309953f00000040edcea93f00000020be80c0bf00000000116fc13f000000605d7c81bf00000000ddcb8ebf0000004036cab0bf000000a0df7396bf00000060105db8bf00000040f0e495bf000000e01a24c73f00000000aaadcdbf00000020bf0ac93f000000409215c33f000000006befb53f00000080876bc43f000000a0e340b93f0000008001f6a23f00000060060697bf000000e09b5eb9bf000000c0169ebcbf000000605ef5babf00000080bea7ae3f00000040801eb0bf000000c060c3ae3f000000007d6b903f947494622e	4	\N	2023-09-28 12:45:47.343661
56	\\x8004958b040000000000008c156e756d70792e636f72652e6d756c74696172726179948c0c5f7265636f6e7374727563749493948c056e756d7079948c076e6461727261799493944b0085944301629487945294284b014b80859468038c0564747970659493948c02663894898887945294284b038c013c944e4e4e4affffffff4affffffff4b0074946289420004000000000080873bb4bf0000000029e1c83f000000e0b15b953f000000a03dc38e3f000000c0a5d1bdbf000000a0f19d9d3f000000007be5bcbf000000e0365ba1bf00000060b79cb33f00000080627f8fbf00000060a215ca3f000000a098569dbf000000e0e1fdc9bf000000c09b45b2bf0000006093fbb5bf000000e0597fbd3f000000206dd5c3bf00000080dde0c1bf00000040a818bdbf000000800ae79ebf00000000d98ca7bf00000060a55bb23f00000080a148803f00000040a7198e3f00000080312d99bf00000040df04ddbf00000000c2d6b2bf00000080c363aabf00000000d74cbb3f000000e0703dc0bf00000020b51dadbf000000009278a33f000000e0d59bc5bf000000a0777cb9bf0000008040eba23f000000a006d0a23f000000202d2db9bf00000020f9c57abf000000c0c010ce3f00000080a67ab63f0000000085ffbabf000000807036af3f000000e03e54b03f000000e0fd31da3f0000006052c3cf3f000000201e45b83f00000000a0b42c3f00000000bcf19abf00000000294ab53f000000400c9ed1bf000000004a26a83f00000080ecaccd3f000000403b20c23f000000a0517ab63f000000001a24b43f00000000c26bb3bf00000080d95f833f000000a089e6c03f000000a02de3ccbf000000a0401cb53f000000003e96a63f000000c09c26b3bf0000002077d894bf000000c0c655b6bf000000001806ce3f000000403e5ab63f000000c0d7a2afbf000000c0d50bc0bf000000e07a28c53f000000c0c97dc7bf000000001f15a3bf000000c0aa747a3f000000807caaa3bf000000204c82c7bf00000040d23dd0bf00000000b469b53f000000a0d9a0d63f00000040f60fcf3f000000a0e52ac6bf000000806e57a33f00000040cbda63bf000000c02dddbcbf000000009685b23f00000060650c9a3f000000e03840c2bf000000409548b1bf000000802132b8bf000000400612793f000000802cecc63f00000060370ea83f000000a07af684bf000000005882c73f00000000cab59e3f000000405f21983f00000080e63fbb3f000000002858843f00000080b4f0bebf0000000035c493bf00000060bf39c9bf000000a01194893f000000c0167cafbf000000008795c0bf00000020c58e743f000000c0281fb13f00000000cfd3b8bf000000c0db3cc43f00000080a3427fbf0000004066a7a0bf000000009e15a5bf000000c00a0d76bf000000e0247cb9bf000000607bf9a6bf00000020e215c83f00000060b2d8cebf000000008391ca3f0000000036c9c43f000000c04e74a93f000000804a56c43f00000020a2a2be3f0000000066b4af3f000000c0471994bf00000000fa6ca1bf000000e0d2d2c0bf0000000087d9c0bf000000c032bc973f000000a0d44db0bf00000040a2aca83f00000000d60fa33f947494622e	4	\N	2023-09-28 12:45:50.372938
57	\\x8004958b040000000000008c156e756d70792e636f72652e6d756c74696172726179948c0c5f7265636f6e7374727563749493948c056e756d7079948c076e6461727261799493944b0085944301629487945294284b014b80859468038c0564747970659493948c02663894898887945294284b038c013c944e4e4e4affffffff4affffffff4b00749462894200040000000000401775b8bf000000c0de64c33f000000c07534a73f000000607be7a73f000000a0ef8eb3bf000000c0c369593f000000e0d149c0bf000000a0dbd577bf000000e0d51bb33f000000c09f55963f000000c07b23c93f000000c0dceca0bf0000006084e7d0bf000000a08a4bb4bf000000804fdab6bf00000020a41ec23f00000040f8fac2bf00000080f6b1bcbf000000e0b78eafbf00000060450da23f000000e03f11913f000000c0d313a83f000000009aefa23f00000040cb17823f000000e05cd98bbf000000e0526bdbbf000000c0ebfdbabf00000080f732b0bf000000407cacb63f000000e05ae6bdbf00000080fe9ea0bf000000c0c840a03f000000e02a07c5bf00000080ff49b6bf000000002a3ca83f00000040ee7fa63f000000e0a306b9bf00000040418c75bf00000060b1fdd03f000000803f5cb03f000000402031bebf0000004095fe943f00000080f80fb33f000000607ba6d73f000000c042f8c93f00000040c0c1bf3f000000802fb6743f0000000076b550bf00000060e212b43f000000601122d4bf000000a0beb5b33f00000000b8d0cc3f000000e0921dc53f000000e0a8f7be3f00000040c1e3b53f00000000dd95b8bf000000609da1ab3f000000403e73c53f0000000082cbd0bf000000002bd2b63f00000080e253a53f000000e0a131a7bf00000020c2b4863f000000609729a2bf00000040ac79cc3f00000020dcebb43f000000c08727adbf000000c0d821c2bf000000402e6ec53f000000c07e67c6bf00000020953e84bf00000060da42b53f000000209358aebf00000080a262c6bf000000008f38d1bf00000040c128a23f000000a0facbd43f000000408e4cc83f000000e0171abebf00000000acbc903f000000605eb298bf000000005727c0bf000000c02903783f000000a0116eacbf00000000332bc1bf000000e03cd8b2bf000000a07fa8bebf00000040de238ebf000000a042eec83f000000c001f59e3f000000800f87953f000000c0b5aac73f000000c0499eac3f000000c0e78b7d3f0000008063a8b03f000000c0c92d813f000000008daeb0bf000000407729aabf00000040e68fc7bf000000a0dfd67fbf00000080a750b5bf00000000b861c0bf000000c04ba062bf00000080d94fad3f00000040c02cc4bf000000e0ea8ac03f00000020d56a6a3f00000040a959a8bf00000080cba9b0bf00000040243c583f00000040c9f5c3bf000000c0365477bf000000003f56c83f00000080dba4d0bf00000000503bcd3f0000000008a6c43f00000000a405b43f00000060925fb73f000000c09041b13f000000c0a7c1a63f000000402cabaabf000000802280b6bf00000060f07fc0bf000000608288c1bf000000c08abfa33f000000a02fc8a9bf0000000051999d3f000000800a36a53f947494622e	4	\N	2023-09-28 12:45:53.744297
58	\\x8004958b040000000000008c156e756d70792e636f72652e6d756c74696172726179948c0c5f7265636f6e7374727563749493948c056e756d7079948c076e6461727261799493944b0085944301629487945294284b014b80859468038c0564747970659493948c02663894898887945294284b038c013c944e4e4e4affffffff4affffffff4b00749462894200040000000000c04f3ab5bf00000060927bc13f000000804a49503f000000403ce5973f000000a0d676b6bf000000a085ee603f000000806124babf00000000666193bf000000c06ffeb43f000000c03e9e843f00000000dc99c63f000000e0a1e6a4bf000000c041a7d0bf000000806b3aabbf000000a08eedb6bf000000408ad5c13f000000e04df8c5bf000000604d64c0bf000000c03157bbbf000000406e78983f00000000642f06bf000000a08078ae3f0000008039658d3f000000c05fd1aa3f00000000a3129bbf000000a06f63dabf000000e07c8ab1bf000000009210b4bf00000040abedba3f00000040783dc1bf000000800003b0bf0000000095a8b03f000000c0594ec7bf00000040d16cbabf00000040fe09ac3f00000060635ead3f000000c0630bb0bf000000a0297881bf000000009e50d03f000000e094a0b63f000000a0ff48c2bf000000006901a33f000000408c25b63f0000000045eed83f00000000923fc83f000000a05b25b63f0000000060c132bf0000002060748e3f000000a083d3bc3f00000000686dd4bf000000c0ab22a93f000000c0a83fca3f000000e0de42c83f000000203873c23f0000004062b8b03f000000402c03bebf000000c0f7d1b33f000000a01aa2c13f000000e0f0e8d0bf00000000526db63f000000804461b43f00000000cdbcb1bf000000e0b6c6913f0000004040aea0bf000000604278ca3f000000a0799fac3f000000e0a326aebf000000e04d3ec1bf000000a0651cbd3f000000c0963bc8bf0000008017b18cbf0000004054c9b23f000000a007a6a8bf000000a02a34c4bf00000040c734d2bf00000020bb34a63f000000006ab6d23f000000e0d96ccc3f00000060e98bc2bf00000000e2c1883f00000020786990bf000000000097b9bf000000209a309f3f000000c0a3b4a5bf00000000fe0fc0bf00000040e45d9abf00000040ef19c0bf00000000b27843bf000000204340c83f000000e09da1a53f00000080eed39b3f000000c019d7c73f00000040573db13f0000000006ed47bf00000080cd38b43f000000e027efa53f0000004098cfb9bf0000006036f8b1bf000000a02e05c7bf000000c0f916a13f000000005e90b6bf00000040d343bcbf00000020e16472bf00000040077ca63f00000060a2e6c2bf0000000095dcc23f00000040fe8394bf000000c067d0aebf000000c06ec5b6bf00000000fb6839bf000000e0548ec0bf000000206fe08fbf000000005b80c43f000000e01a62d0bf000000e05393ca3f00000000989ac63f000000c0fc76b23f00000040ad89b83f000000e0df17a93f00000000e45c933f000000000d1eb2bf00000060a901adbf0000000062c3bcbf00000000eb98c5bf0000000012aeb03f000000c05c03acbf000000401b879d3f00000040d0918c3f947494622e	4	\N	2023-09-28 12:45:56.763794
59	\\x8004958b040000000000008c156e756d70792e636f72652e6d756c74696172726179948c0c5f7265636f6e7374727563749493948c056e756d7079948c076e6461727261799493944b0085944301629487945294284b014b80859468038c0564747970659493948c02663894898887945294284b038c013c944e4e4e4affffffff4affffffff4b00749462894200040000000000c0b93ab3bf000000a08d309f3f000000c0af07b23f000000a012e4a4bf00000020719bc3bf000000a0abc7b13f00000000325d87bf00000080961abebf0000008015c5c23f000000a0e53ec3bf000000400508c43f000000404de8903f00000080e106d0bf00000080505e563f000000e050e68f3f000000c00118cb3f00000060b1e1abbf00000040fbacc3bf000000a00dc6c2bf000000205b09b6bf00000080997ca9bf000000c050c98bbf000000c0e07e9c3f000000e08ed3a93f00000000378ec8bf0000004039e3d1bf00000080c861b7bf000000207654adbf000000201023b8bf0000000096149dbf00000000c6f156bf000000409c29b33f000000a08185c0bf00000000175a9c3f00000080047ea93f0000006050f2a63f00000000e652b4bf000000a09582adbf00000000e777cd3f000000c0f8b4a73f000000008f61cabf00000040bc32ba3f000000205b79b03f000000e02a59cf3f0000006044f0c43f000000a099eba33f00000020db34bb3f000000a06fd2aabf000000a0cd8fba3f00000040ede4d4bf000000c0fe57903f000000604d9ebd3f00000060ebfda13f000000c08012a03f000000c05cf9aa3f000000c060b2c5bf000000803d4ba33f0000004003f2c13f00000080f50dc7bf000000e0848db03f000000a07ee3b03f000000606577bfbf000000408f43bcbf00000040c67ca9bf000000202bccd03f0000006009bcc53f000000a06be4c7bf00000060c3b2c2bf000000409abfc23f000000405383c2bf0000000026ea9ebf00000080c029b33f000000802370c4bf000000a0ff6ac7bf000000a0729dd2bf000000208f26ac3f000000c0fb04df3f0000008055aac43f000000603424c9bf000000e0dd229cbf000000200d20b7bf00000080afeeb03f00000020c9e8933f000000800badc03f000000008fbd8dbf00000080a62cbebf00000000ece1b0bf0000008034147cbf000000a002f7c93f00000000111c9dbf00000080a7017abf0000000035b5ce3f00000020fc53bf3f000000404d9f95bf000000a0c994b0bf000000a068a4b33f000000402c75bfbf000000a0ebd5b4bf000000a081b2b4bf00000080902475bf00000040d088acbf000000403ecd783f00000080855ba43f00000020121fbc3f000000808cabccbf000000e0a7a4d03f00000060c1b3b5bf000000c02f49acbf000000403c41a1bf000000202b01a73f0000008092caa3bf000000e0587e64bf000000a0f20ab73f000000000d08d4bf0000008045bab23f00000060887bcc3f00000060c079833f000000e05220bd3f0000006034e0a53f000000805110b53f00000040b3c191bf000000c09d49b23f000000207b78c8bf000000807bbfbfbf000000807ce68d3f00000020087db3bf00000080b0c9963f000000e03758ac3f947494622e	2	\N	2023-09-28 12:46:00.770537
60	\\x8004958b040000000000008c156e756d70792e636f72652e6d756c74696172726179948c0c5f7265636f6e7374727563749493948c056e756d7079948c076e6461727261799493944b0085944301629487945294284b014b80859468038c0564747970659493948c02663894898887945294284b038c013c944e4e4e4affffffff4affffffff4b00749462894200040000000000e06e72c4bf000000004b17693f000000001f61a1bf000000a0c8bab7bf0000002072a0b8bf000000c021f58b3f000000009d325d3f000000002548b5bf000000608304bc3f00000060bc14b7bf000000c06b5dc63f00000080fdf296bf00000000836ed1bf000000c0031abebf00000040de01703f00000020c4aac93f00000000c544bdbf000000009cc1c7bf00000000c044bcbf000000007f49a4bf00000080b441913f000000c017c4a73f000000a05e377a3f000000a097e5c03f00000080e71eb6bf00000020b363d6bf0000004028dab7bf000000208a2ab6bf00000020ba5cb8bf000000008a2badbf00000000ee08613f000000607aefc43f00000000a1cac5bf000000c041c9b6bf00000060f015b03f000000a0b959c73f000000400dc39fbf000000c08470b2bf00000080f944ca3f00000000c028903f000000607526cdbf000000400e3592bf00000080d5bbbe3f000000402818d33f00000020ab82c33f000000e0e3a753bf000000e07514a43f00000040fee171bf000000e04caab83f000000e0fc41d2bf000000409c1bae3f0000008085b2be3f00000060febbb33f000000409cb3ac3f000000602d41a53f000000a0b737c5bf00000080fb7fb13f000000600a01c53f000000e0fe17ccbf000000403233563f00000020a8189d3f00000080ae09c4bf0000000072e19bbf000000c09dd0a7bf00000060599fcd3f000000e08787c03f000000e02ee3bebf00000000ed93c0bf0000004025cece3f000000001ae7bcbf000000801cc2aebf000000e09c69b33f000000a0aab1c5bf0000006009b4c9bf000000a071b0d3bf000000c0bbbeb13f000000c0bdd3da3f000000a0a545c23f000000c00426c1bf000000803759b23f000000c00818a7bf000000c03996673f000000009e53ad3f00000040bebdbd3f00000000df806fbf00000080c68b753f00000060b440b8bf000000e06f8ea93f000000e06656c83f000000e0b3caac3f000000409b63aebf00000000f03acc3f000000e0b97aaf3f000000806f68603f000000209797c03f0000008076c7b93f000000003479793f000000a0ed45a3bf00000080e03dcabf00000060a951ab3f000000a0ba9885bf000000c03314b8bf000000a0109079bf000000e04cb3b53f000000c07797bfbf00000060305fc03f000000c0e59364bf000000201fe987bf000000a07e61b5bf000000209c398fbf00000080a403b9bf000000405a3d64bf000000c08ad0bc3f000000a03b88d1bf00000000d50ec23f00000040a3c8c43f000000209a1a9e3f000000409279c63f00000040677ab53f000000c0d5deb43f00000040d284713f000000a00d54c0bf000000c07c7ccebf000000202ad0b7bf000000c08731c33f000000001c5e963f000000c056d8b43f000000202597b63f947494622e	1	\N	2023-09-28 12:46:04.327652
61	\\x8004958b040000000000008c156e756d70792e636f72652e6d756c74696172726179948c0c5f7265636f6e7374727563749493948c056e756d7079948c076e6461727261799493944b0085944301629487945294284b014b80859468038c0564747970659493948c02663894898887945294284b038c013c944e4e4e4affffffff4affffffff4b0074946289420004000000000040c34cc2bf00000000c0d5873f000000c096fd97bf000000001e7cb5bf000000008f15b9bf000000c0ac808b3f000000003d276b3f000000007725b5bf00000000cfdfc23f0000004056ecbdbf00000020fca8c93f00000060378892bf000000a00a63d0bf00000000522abdbf000000004e9c8a3f000000203078c93f000000600818c3bf000000007d0cc7bf00000000964fa7bf000000c04daaa1bf00000040cd2ea63f000000006d00833f00000040f2f5933f00000020efe5bf3f00000020c2d9babf00000000c02ad7bf0000006023fbbcbf000000e02e7fbcbf0000002042eab4bf00000040f7b8b2bf000000400956763f00000040053bc43f000000000459c4bf00000000bd37b4bf000000804d7ba43f000000e007a2c33f00000060dd4f60bf00000000d06bb6bf000000e00eefc63f00000080062d623f000000201814cfbf000000e041949dbf000000e01850be3f00000060ed65d23f000000602109c43f000000c04d30893f000000007ce74a3f000000a08c0f913f000000e0a1b5ba3f000000204f70d1bf00000000d06b9f3f00000060a239b33f000000403abebb3f000000a04ab6ae3f000000009ec3913f000000c0df3fc4bf00000040403ab63f000000a04a23c13f000000e01693d0bf00000080ce0792bf00000000f3a8793f000000e03a00c7bf000000c0f6d593bf0000002022ed9bbf0000002054d3d03f00000040c1b1c43f00000000ed95bfbf000000408de9bfbf000000004125cb3f00000080092fbfbf000000207f1bb6bf00000000d40baf3f000000a0fe3ec7bf000000801537c9bf000000e03aa3d4bf00000020667bb03f000000e03680d93f000000005839c13f000000c01944c0bf000000e0d3beb13f000000603eb78fbf000000401e6da03f000000c07d73a23f00000040df25c23f0000004033c09dbf00000000c8a0733f000000407840b5bf000000405ea9993f0000000021a5c63f000000806fb09d3f000000a0c5deb7bf0000006003a5ca3f00000020f972863f000000a01e92a03f000000c04860bd3f00000000a508b93f000000c0fbb1823f000000e0e06490bf000000c02f4cc9bf00000080ee70a43f00000080cbad8b3f000000005f11b7bf00000020e0a092bf000000600fb8b83f0000008010a9c5bf00000000034bbb3f000000a036088bbf000000002df6a0bf00000040635daebf0000008031b243bf000000406176babf000000407bed7e3f00000040fda1b93f000000a01566d3bf00000060f226c73f000000e09035c93f000000a03c6da53f000000601cd0c83f000000e00ab6b33f000000e057e2aa3f000000c07d0c703f00000000ddf7bdbf000000e0fffecbbf00000000ad63b8bf00000000a516c63f000000009c9b40bf000000207337b73f000000e0db53ae3f947494622e	1	\N	2023-09-28 12:46:07.38054
62	\\x8004958b040000000000008c156e756d70792e636f72652e6d756c74696172726179948c0c5f7265636f6e7374727563749493948c056e756d7079948c076e6461727261799493944b0085944301629487945294284b014b80859468038c0564747970659493948c02663894898887945294284b038c013c944e4e4e4affffffff4affffffff4b0074946289420004000000000040e6f3c5bf0000000097b0a63f0000008094797dbf000000800c1ec0bf000000a0a1ccadbf00000040f24a93bf000000004e1a413f000000a08656c2bf00000020b967c43f000000c04de1bebf000000608d0bcb3f000000603226a4bf000000401906cfbf00000020e14bc0bf0000006086daa03f0000008057bdc43f000000007da9b7bf000000c0255dc9bf000000009a98b1bf0000002045d6b3bf00000020ec236c3f000000c085ca91bf00000020d174a03f000000e00ca3c03f000000e0cdf1bbbf000000406ee8d5bf00000000bed8bdbf000000803184b8bf000000a0c491a8bf000000e0afc28ebf00000080cd2aa5bf00000060e497c43f0000004087c8cabf000000a055f8abbf000000c07092a23f000000e0ddc9cb3f00000080b6729a3f000000009d75a3bf00000060aa3dc63f00000020643888bf000000c0c3afcabf000000800f3bacbf00000060d8cab73f000000405820d13f00000020c19fc83f00000000fc4faebf000000a01dad873f0000006070569e3f0000000019cbb63f000000408bd8cebf000000c06ec5ae3f00000040eae4bd3f000000800f81b93f00000080c374af3f000000e03963933f000000606c69c1bf0000008016cdac3f000000c059d9bf3f000000404fa6cabf000000e006d392bf00000040de12943f000000a08db5c9bf000000e08864b4bf000000c0fffa78bf000000a0baa6d03f0000004033e4c73f00000080a601bdbf0000006013b3c1bf000000601987cb3f000000206f65bebf00000060c28091bf000000004eaeb13f00000060755ecbbf00000020dcd4c4bf000000604354d3bf000000a0d9ffb83f000000e0b38dd93f0000000049c2c03f000000e0df63c2bf0000000051b4bd3f00000020c354b8bf000000206a86a63f000000a0d182ac3f000000805783b33f000000405aaa91bf000000409f98ac3f000000e006c9bcbf000000e05462b23f000000a08acec83f00000040a3727dbf000000a001cab2bf000000804c6bcb3f00000080187e77bf000000c0134ea73f000000a02e16bd3f000000c016a8b63f000000a06b8e9c3f000000a0f406b4bf000000202484cbbf00000040beee8f3f000000e03c8a8e3f000000a0b636b7bf00000020d45598bf000000c0cb2bb03f000000c0b481c7bf000000803794b03f000000c0fb22a13f000000807e6790bf00000080590db0bf00000080ad4d61bf00000060f19fb3bf00000080ace4afbf00000020da0fba3f0000000028f5d1bf00000020c276c63f0000000058f9c53f000000e036f68a3f000000e0e08fc83f000000c03b32b33f000000c0213bad3f0000008040dc9e3f00000040084ebfbf000000a00b3dbabf00000000a3d8b1bf000000a018a2c13f000000802837b03f0000004063b8b13f000000805230b23f947494622e	1	\N	2023-09-28 12:46:18.261
63	\\x8004958b040000000000008c156e756d70792e636f72652e6d756c74696172726179948c0c5f7265636f6e7374727563749493948c056e756d7079948c076e6461727261799493944b0085944301629487945294284b014b80859468038c0564747970659493948c02663894898887945294284b038c013c944e4e4e4affffffff4affffffff4b00749462894200040000000000009cb7c6bf00000000bb909a3f00000040d889b1bf00000040a51eafbf000000a04b09c2bf000000e027f0983f00000020aa5999bf000000e0e6fbb3bf000000a05ed4c03f00000000d6ecbfbf000000e06d9dca3f00000040d89da1bf000000e01263d2bf00000060c7eac0bf000000e019d3993f000000e033f9c63f000000407527c4bf000000e0740dc3bf000000a076eba2bf000000a01e01aabf000000c0c167a73f00000080ed9da53f000000c0f157983f00000060cccab53f00000020580cbebf000000408e34d6bf00000080f53cb7bf00000020f074bebf000000e055bc92bf000000c0c19cb8bf00000060471fa4bf00000020f335c63f000000e01c72c4bf000000603301aebf00000080239ea73f00000040f9fcc53f000000a0591d9cbf00000040cdb6a8bf000000606af4c63f000000008c8c713f000000402616cfbf000000c08837b8bf000000a07c74b93f000000c02d3dd13f000000409ebbc83f00000060d9b2a4bf000000003e4657bf000000a0016c803f000000800d24ad3f00000040e629d0bf000000c0b0aca93f00000080d528bd3f00000040793ec23f000000409035a73f0000006019959d3f00000040d98ec5bf0000004049c49a3f000000203f70c23f0000000034e0cbbf000000e02db596bf000000800d40a83f000000e0b238c3bf000000c08bb7abbf000000a091c9703f000000c0edd0cf3f000000e0e371c23f000000c000bebebf00000040b8fec0bf000000202a82cd3f0000006006f6c0bf0000000044a4aebf0000008006c9bb3f0000002010c6c4bf000000403199cdbf00000000b49cd1bf0000002098c7aa3f000000803b8dd83f000000001bd8c03f000000401f64bebf000000e0b326b23f00000020e9678bbf000000e04fe595bf000000402f63b23f00000000e23abf3f00000080bd5ba4bf000000209f0f823f00000000a77fb2bf00000040db16b13f000000a027a8c53f000000002dc25abf00000000b880b0bf000000a0bdbdc93f000000e0f735983f000000009258853f000000009922c13f00000060dfdfb33f00000080804aa93f00000000f1f9a9bf000000a0d75ac6bf000000a09fe0783f000000e0d9919a3f000000605732c6bf000000a0c4a49ebf000000202cc3b53f000000604cc8c1bf000000c06cc4b73f000000c068c8943f00000020bf9b9abf00000060170caebf00000060df78aebf000000406d5db8bf0000000066ad913f000000606fc1c03f000000805159d3bf00000000977ac73f000000806cd6c43f0000004010f2933f00000000d666ca3f00000080f55fb53f000000c0778fb13f00000000ae6f9e3f000000c04fa8c3bf000000a0ef59c8bf00000060db04b5bf00000060ebb9c23f000000e02e477fbf000000804b2cb33f00000040d0baa03f947494622e	1	\N	2023-09-28 12:46:21.321546
64	\\x8004958b040000000000008c156e756d70792e636f72652e6d756c74696172726179948c0c5f7265636f6e7374727563749493948c056e756d7079948c076e6461727261799493944b0085944301629487945294284b014b80859468038c0564747970659493948c02663894898887945294284b038c013c944e4e4e4affffffff4affffffff4b00749462894200040000000000a037cbc0bf00000000ecf2803f00000060793699bf000000e009ccb7bf00000040246ab8bf000000202ed28b3f000000002a8655bf000000e02cecaebf000000a0690bc13f000000a0dd88babf00000000c8bece3f000000e0ade9a3bf000000204f74d0bf00000080317dc0bf000000405dd27e3f00000080643ecb3f0000000060cec8bf000000801e98c3bf0000000032c6a7bf0000004075b894bf000000c07cc29b3f000000005b77983f00000040e70e7bbf000000c09453ba3f00000040fa0fc2bf000000600aa8d9bf000000602ae3b5bf000000e025bec1bf000000602d28b1bf000000002cefb3bf00000080bfc3913f00000000daa9c83f000000e086d4c2bf00000000b00cb2bf000000c044a5a53f000000c0adb0c23f000000205d34afbf0000000018adb1bf00000040cd49ca3f000000807a7b9b3f0000006024c7cfbf0000000058d19ebf000000801623c23f00000080a1b0d33f00000040f6fac23f00000060ee0f83bf000000c0a48ca23f000000e0598981bf000000207f48ba3f00000020fabcd1bf000000c08aedad3f000000009a0fb53f0000008089ffbb3f000000404df2b83f000000e0e46aaf3f0000004052cfc3bf0000000089efae3f000000c0f324c43f000000402f10d1bf000000a023f4993f0000004092a3a33f000000c0b4b1bfbf0000004009a693bf00000040a9e19cbf000000a03d91d03f000000a01035c53f00000020d8d7bfbf000000002810bbbf000000c0dbd4cd3f000000e0b510babf00000040850bb4bf00000020f3a9b83f000000a04b2dc3bf000000a0d8a4ccbf000000800216d2bf000000603312b03f000000a07c7ad83f000000a01018c13f00000000fd33c1bf0000008038e6953f000000a0977654bf00000020a4819cbf000000e08de7bb3f000000c0823bbf3f0000000093767fbf00000080d8c39dbf0000008052e9aabf00000020f52ba33f000000208643c83f000000402981a43f0000008050aab0bf000000a02ba4ca3f000000e00c049b3f00000080f2e87bbf00000000c666bd3f000000006c32b63f000000801b3b8abf000000a0092f743f000000409c90cabf000000e0096d973f00000040aa228b3f0000004021d1bcbf000000203a4098bf000000a0cc1cb33f000000c0590cc0bf000000a0e65ec03f0000000040ff9d3f000000205a4099bf000000c0d386a1bf000000007a60753f00000040b9fababf000000e06b65783f00000000fc63be3f00000040a2aad2bf000000004ae2ca3f000000e079d4c23f000000c0ef09a23f0000004095f4c63f000000802bceb33f00000020e980ad3f000000e09d1b89bf00000040542fc4bf00000080e90ecdbf000000c0116db2bf000000a03342c53f000000c0b1fc7d3f00000040f670b63f00000080e566993f947494622e	1	\N	2023-09-28 12:46:24.425066
65	\\x8004958b040000000000008c156e756d70792e636f72652e6d756c74696172726179948c0c5f7265636f6e7374727563749493948c056e756d7079948c076e6461727261799493944b0085944301629487945294284b014b80859468038c0564747970659493948c02663894898887945294284b038c013c944e4e4e4affffffff4affffffff4b00749462894200040000000000600131c5bf00000040f7ae8a3f00000000de9d68bf000000c05fcfbdbf00000080ec0cb5bf0000002062cc7e3f00000060289e92bf0000006083bcb4bf000000809961c23f000000a0bf0ebdbf000000202b1bcd3f00000040fdde7cbf00000000a9b0cebf000000401b53c0bf000000808d2192bf000000a04e6ec93f000000404e1cc5bf000000a01566c6bf00000000d3aa9ebf000000003d7093bf000000602c32993f000000e06a529d3f00000060649a7fbf000000a0bb31bb3f000000e0fef4bbbf00000000f34ed8bf0000000001c2bbbf00000080cb60bcbf00000020785fb9bf000000404f32b3bf0000000004f7903f000000a00d43c53f000000a0411fc4bf00000020a58bb1bf000000c00b04a33f00000080d41ec53f000000809f008abf00000000f9bfabbf00000000ebeec73f000000005e4d9a3f000000e08f67d0bf000000a0095497bf000000008ae9c13f000000c07abdd33f000000805f9cc63f000000e0ab5d7dbf00000000ef3b7d3f00000020703193bf000000205227be3f00000040d1b3d0bf00000060a8b6a13f000000403c6cb63f000000a09577b83f00000060d1c0b03f00000000f0bf953f00000080d160c1bf00000060950bb33f000000005197c23f0000002094fdcfbf000000001f958bbf0000002026c5a03f000000602cb3c6bf000000c08e86a1bf000000a0391987bf000000c0cfa7cd3f000000a008c2c43f00000060a55dbebf0000004067dac2bf000000a08485cb3f0000004090b8bfbf000000805c2fb7bf000000e0b289b53f000000009475c4bf00000080a4bcc9bf00000080e952d3bf000000402e85b03f000000c01a74d93f000000000d85bf3f000000e049f5c0bf000000a0bff4b23f000000402b8195bf000000402de76bbf000000c0ad12b83f000000408e2ac23f00000000ca955cbf00000040d6277cbf00000000d822b4bf000000a0724f943f000000a09dc3c83f00000000ea7ba83f00000040c415afbf00000000d715c83f00000000ec36953f000000c06e75a03f000000c0ccb7bf3f000000a07a76bc3f000000c0f4ff86bf0000002039458c3f00000060f6d0cbbf000000403c9f9b3f00000080ac987dbf000000408888b1bf0000006004408fbf0000004047c6b43f00000000a0a6c2bf000000a09f5fc13f000000406c73933f0000004017be9abf000000e0acb0a5bf00000080e66490bf000000c065c3afbf000000c0548764bf00000080ac63b93f000000e08ae0d1bf000000a06a57c73f000000808e56c43f000000006f98a03f00000020c307c93f000000204b6ab93f000000c060acae3f000000e0992487bf000000e0a629c1bf0000006056a7ccbf00000040792fb2bf0000008056fdc23f000000e0160f723f00000080af9cba3f000000e0b7fd9c3f947494622e	1	\N	2023-09-28 12:46:27.503094
66	\\x8004958b040000000000008c156e756d70792e636f72652e6d756c74696172726179948c0c5f7265636f6e7374727563749493948c056e756d7079948c076e6461727261799493944b0085944301629487945294284b014b80859468038c0564747970659493948c02663894898887945294284b038c013c944e4e4e4affffffff4affffffff4b0074946289420004000000000040ea6ec7bf0000008009a67e3f00000020bd9288bf000000a0ea20bcbf000000808e14bcbf000000c082a46e3f00000080211aa3bf000000c04a66b8bf000000a06668c03f000000609cb2bfbf000000a00e0dcc3f000000e050bf853f000000e08273d0bf00000000b2adbebf00000000ef7f503f00000060c7cec63f00000000d27ac2bf000000a0181bc6bf000000a0e98499bf000000c055659ebf000000a0c01ea53f000000a0548c9a3f00000000b86d863f000000a01e94bb3f000000e0b32eb8bf000000a02a7ed7bf00000020a880bebf00000060f583b5bf000000a0fe56b6bf000000407221b2bf0000000036e39d3f000000c06660c33f000000605d8cc3bf000000c0bc04abbf000000001a459b3f000000608fedc43f00000000b33c8fbf000000202007b1bf000000c0c64ec93f0000008020bd8e3f000000609c5ed0bf000000201d8da2bf000000c0ec8cc13f000000c0e379d33f00000080562dca3f000000c0240e84bf00000000557b71bf000000006cc46b3f0000002063f1bb3f000000009aa3d1bf000000402af5a73f000000404da0b93f000000a00243b73f00000020034bab3f00000000e2eb953f000000e0f817c1bf0000006037efb03f000000c0c28cc43f00000000c54cd0bf000000205adf97bf000000801135a23f000000e00fd0c7bf000000402a1ca5bf000000608ea397bf00000040a207cf3f000000c01ca2c63f0000008003efc0bf0000004086e2c2bf0000002055cdca3f000000c0dfbcc0bf00000040db7cbbbf000000407140b33f00000020bdddc6bf000000002ce5c9bf000000a0fbbcd3bf00000000b722b33f00000060df27d83f00000020007cc03f000000e0b09cbcbf000000407909b63f000000c02f448bbf000000405f0c6f3f000000a091d9b13f00000060c5afbf3f00000000988174bf000000809a0f9bbf000000402d10b4bf00000080b2f49c3f0000000049a6c73f000000806111a83f00000020c8bdb1bf0000004096f6ca3f000000c0b0999a3f00000080b431963f000000a0b61fc03f000000a0c7e9c03f000000800faf743f000000c081f769bf00000060d533cdbf000000804ed49f3f000000001ddb6c3f00000080bf6ab5bf000000002d7c5b3f000000a07f42b43f000000c06646c4bf000000603582c13f00000040a25d8d3f000000e0920892bf00000040c4aaa7bf000000806065a7bf000000401ad2b7bf0000000006fd923f000000a0ff14b93f0000000084a6d2bf00000040b658c93f00000080e53ec43f000000c0afb9ac3f0000004061e1c93f00000000a8eabc3f0000004075dfa83f000000c0f562733f0000002084fcc1bf000000202fc5cabf000000207c72b4bf00000000e598c23f000000800dff823f00000080fdd1ba3f000000c0a43cad3f947494622e	1	\N	2023-09-28 12:46:30.556147
67	\\x8004958b040000000000008c156e756d70792e636f72652e6d756c74696172726179948c0c5f7265636f6e7374727563749493948c056e756d7079948c076e6461727261799493944b0085944301629487945294284b014b80859468038c0564747970659493948c02663894898887945294284b038c013c944e4e4e4affffffff4affffffff4b00749462894200040000000000a02499c7bf00000000beea6e3f0000008080875bbf000000c0670abcbf000000602b6eb7bf000000002fb28dbf00000040f6319ebf0000008034a2b9bf00000040b616be3f00000060104cbebf00000060f969ce3f000000406f12893f000000a0d7d2d0bf000000804866c0bf000000c01427763f0000004096a0c63f000000008853c2bf000000e01172c6bf000000a09ee8a2bf000000200cbd9fbf00000060e845903f0000002088e2a23f000000c0ae7986bf000000603badb73f000000602eafb9bf0000002096cad6bf000000801b7cbabf000000606c5db8bf00000000474fb9bf000000c0358daebf000000a04e18a13f00000080a2e1c33f000000801ac1c1bf000000a03a61adbf000000c0e491a83f000000407289c53f000000400ec5a2bf00000040f4d3a8bf000000e0b5e3c83f0000002080a58c3f000000a010c9cebf00000020bc1babbf000000209506c23f000000204e74d43f000000403387c93f000000408967a0bf00000000cc3a6f3f000000002bb98dbf000000c0f8fbbd3f000000e06e7ed1bf000000e0cf20ab3f000000a0b3c6b73f00000040f158b93f00000000f498b33f000000801cb2a03f000000e01214c1bf0000004068b3b03f000000207281c63f000000e0864cd0bf00000000e6ad8ebf00000080f604a23f000000a082adc7bf000000c0f3fbaebf00000040185d98bf000000807924cd3f0000000030ddc43f000000a049acc0bf000000e0340ac3bf000000409e3fcc3f00000000b2ccbfbf00000060b78fbfbf00000000f2e5b13f000000c054b6c6bf0000008095e1c9bf000000c0a9f0d3bf000000e00237b03f00000060f4f6d73f00000040a1eebf3f00000040a151bebf000000c0f66cb63f000000a0736e81bf00000060ff878ebf000000402e0cb23f000000a0865fbd3f00000000ed9a643f000000c05fac95bf0000008036c8b0bf000000e0003da03f000000e0e4b0c73f000000e0004ba73f00000000614eafbf000000c0cb0cc83f00000080a4ec973f00000080bd68903f00000040941bc13f0000008062d2bb3f00000040adef813f000000c038db75bf000000c0c3dfcebf00000040708b843f0000004037ac84bf000000a01319b6bf0000006081087c3f00000000d3f4b23f000000e0f600c4bf000000c001e4c43f000000a04a8ca63f00000020a07b7cbf000000003038a3bf000000e0e794a6bf000000a0501bb2bf000000c0b5b8903f000000a04cfcba3f000000e08486d1bf00000080056bca3f00000080b123c33f000000603027b43f000000c0954ec93f000000a0aec0b83f000000409c559c3f000000000fb766bf00000040203bc1bf00000020cc21ccbf000000206425b2bf00000080f890c03f000000c01c07933f000000c0f06ab93f00000080a935ad3f947494622e	1	\N	2023-09-28 12:46:33.592629
68	\\x8004958b040000000000008c156e756d70792e636f72652e6d756c74696172726179948c0c5f7265636f6e7374727563749493948c056e756d7079948c076e6461727261799493944b0085944301629487945294284b014b80859468038c0564747970659493948c02663894898887945294284b038c013c944e4e4e4affffffff4affffffff4b0074946289420004000000000040479bc5bf0000000056aa47bf00000000c91c58bf0000000082a2bcbf000000e0f488b4bf00000080d74c913f00000040f6cb97bf000000c006adb5bf000000c00e7ec03f00000000083cb9bf000000605e0bd03f000000e094fe83bf00000060adfcd0bf000000003470c2bf000000008b3e833f000000c09c71c83f000000e0646cc3bf000000a01406c5bf000000c0056ba4bf0000002006ff95bf000000800558a03f000000e0420f9b3f0000000094ec80bf000000c0a7c2ba3f000000406cecc1bf000000a0ed0bd7bf00000000dcd3b9bf000000e0713dbcbf00000000ee83b9bf000000e00e44b5bf000000006452513f000000a024e7c43f00000000367cc2bf0000008009b2b0bf000000002698a23f0000004017c1c53f000000c008c0a1bf00000040e588aebf000000409b66c73f000000206d568c3f0000000039e9cfbf00000060eb68a2bf000000c066ddc03f000000008f86d33f000000a086bfc83f000000001d0790bf00000080db457e3f0000000034c2643f000000403a12ba3f00000020d899d1bf000000c040b1aa3f000000c08644b73f00000040dee3b83f00000080f512b23f000000408ac6933f000000805b96c0bf000000a05573ad3f00000000928ac53f000000a0f489d0bf00000060cf9393bf000000605dbda13f000000e0831dc8bf000000a09f19aebf000000005a439bbf000000403ddecb3f000000c0a594c53f00000060e8b9c0bf000000a0b4f1c1bf000000e00308cc3f000000600cd8bcbf000000005d49bebf000000c0b20eb13f00000040d4dfc6bf000000a0e35dcabf000000a0d6fad4bf00000000076caf3f000000208f53d83f0000004007f5bf3f0000002044d6c0bf000000408455b63f000000c0c7737bbf0000000007cb70bf000000404995af3f000000605abfbe3f000000801e0370bf00000000171f733f000000a0f95eb1bf0000000090e1a53f000000400966c63f000000409869a83f00000020ebbea8bf0000000099bac93f000000a0f503993f000000205f80923f00000000ba18c13f000000a0572bbc3f000000a079de903f00000000f1547abf000000c0632accbf00000000e1bc943f000000208c0c893f000000603257b4bf000000c00487823f00000060b539b53f000000600bdcc4bf000000a058d3c53f000000605af5a33f00000020906a83bf000000c023b59cbf000000000982a3bf000000a0ab11b1bf00000080b5e8953f00000000c9a0bc3f000000c0e163d2bf0000002047efc53f000000a07873c43f000000001e03b43f00000000cb60c73f000000c0b89eb93f000000803653a13f000000e0e58081bf000000c0135cc0bf000000403be2cfbf00000040ebdab1bf00000080fdcec23f00000000e0094a3f000000a01cb0bb3f000000e06217b03f947494622e	1	\N	2023-09-28 12:46:36.687948
69	\\x8004958b040000000000008c156e756d70792e636f72652e6d756c74696172726179948c0c5f7265636f6e7374727563749493948c056e756d7079948c076e6461727261799493944b0085944301629487945294284b014b80859468038c0564747970659493948c02663894898887945294284b038c013c944e4e4e4affffffff4affffffff4b007494628942000400000000000016b5c4bf0000000056a3553f00000040401076bf000000a02602bdbf00000060e315b6bf0000000013f7903f000000a0395a9dbf000000c08a73b6bf000000e0cebebe3f000000e014d5b6bf000000e01fe1d03f000000407e098fbf000000800302d1bf00000060d8bdc1bf000000000ccb58bf00000040c751c83f000000e0ff9bc4bf000000e0e0d0c4bf000000a07e419abf00000080fdf399bf000000809385a53f000000c0395e893f000000608a5f8abf00000080c8e8b73f000000004c18c2bf000000a03788d6bf000000006468bbbf000000807d3cbabf000000a04accb5bf000000c04c0bb4bf000000c0cd32843f000000203ec7c43f000000e07cd9c1bf00000020e448aebf000000e0b386a23f00000000ca7dc53f000000a0b76c98bf000000609bcdb2bf000000c08bdec83f00000000b6e3663f000000800cebcebf00000080d5f2a3bf00000080bcadc13f000000a0884cd33f0000000004d5c73f00000060074896bf000000008e74893f000000c0dfe57d3f000000c0dbeab73f000000e01080d1bf000000c09d8baa3f000000804ebbb73f000000a0e193bb3f000000409291b33f00000080a8b9703f00000060efedc1bf00000000e79dad3f000000c0eeccc63f000000400e44d0bf00000080f3089cbf00000080fa52a03f000000e0f355c7bf00000080b12aacbf000000008aa09bbf000000205691cc3f00000040b07fc53f00000080651ac2bf00000020330cc1bf000000e00d41cc3f00000000a463b8bf000000001a75bebf000000e01b76aa3f000000409723c7bf000000408b6acabf000000002e15d5bf000000a0afdcb13f000000e0361bd83f000000a03abebd3f000000a0e7e1c1bf000000809224b63f00000040474977bf0000008033c26abf000000c0c014ad3f000000800572bd3f000000c0574482bf000000007171593f000000c087f8b3bf000000009acda53f000000805a28c63f00000080ba38a23f000000e0948ba6bf00000080e3b3c93f00000060fa85993f0000000015319a3f000000a03261c03f000000204d16c13f000000c02e97933f00000080acb8773f00000000ab5acbbf000000c099eda13f0000008048799c3f000000801f58b5bf0000002095b07f3f000000e09297b73f00000080269cc5bf000000a0355ac53f000000c00f42a63f00000000eafc86bf000000003806a0bf000000c08f0ba9bf000000c06370aebf000000c016159a3f0000000016b9bd3f000000c0a1c0d2bf000000e0c193c53f000000a0de8ec53f00000040252cb33f000000407ac8c83f000000e06189bc3f000000608c02a03f00000000f27b643f000000e02edfc1bf00000000d040d0bf00000000932cb2bf000000a0ae5dc13f000000009ee0503f000000c0608bb73f000000c03048b33f947494622e	1	\N	2023-09-28 12:46:39.767952
\.


--
-- Data for Name: total_system_statistics; Type: TABLE DATA; Schema: public; Owner: postgres
--

COPY public.total_system_statistics (totalsystemstatisticsid, dateandtime, numberofimages, numberofidentifiedpersons, numberofunidentifiedpersons, typeofchangeid) FROM stdin;
1	2023-09-28 12:43:22.208139	1	0	1	1
2	2023-09-28 12:43:41.151346	6	1	0	3
3	2023-09-28 12:43:48.148126	9	1	1	1
4	2023-09-28 12:43:57.63614	12	1	2	1
5	2023-09-28 12:44:01.261111	13	2	1	3
6	2023-09-28 12:44:15.618432	18	3	0	3
7	2023-09-28 12:44:20.591727	21	3	1	1
8	2023-09-28 12:44:37.296311	28	3	2	1
9	2023-09-28 12:44:51.853778	32	4	1	3
10	2023-09-28 12:44:57.287	34	4	2	1
11	2023-09-28 12:45:23.452972	44	5	1	2
\.


--
-- Data for Name: types_of_changes; Type: TABLE DATA; Schema: public; Owner: postgres
--

COPY public.types_of_changes (typeofchangeid, description) FROM stdin;
1	Распознан новый человек
2	Изменено имя вводом текущего имени и нового имени текстом
3	Изменено имя вводом имени человека, находящегося перед камерой, текстом
4	Изменено имя прослушиванием имени человека, находящегося перед камерой
\.


--
-- Data for Name: unidentified_persons; Type: TABLE DATA; Schema: public; Owner: postgres
--

COPY public.unidentified_persons (unidentifiedpersonid, dateandtimeoffirstrecognition, dateandtimeoflastrecognition) FROM stdin;
4	2023-09-28 12:44:20.516384	2023-09-28 12:44:20.516384
\.


--
-- Name: access_data_accessdataid_seq; Type: SEQUENCE SET; Schema: public; Owner: postgres
--

SELECT pg_catalog.setval('public.access_data_accessdataid_seq', 1, true);


--
-- Name: identified_persons_identifiedpersonid_seq; Type: SEQUENCE SET; Schema: public; Owner: postgres
--

SELECT pg_catalog.setval('public.identified_persons_identifiedpersonid_seq', 5, true);


--
-- Name: images_imageid_seq; Type: SEQUENCE SET; Schema: public; Owner: postgres
--

SELECT pg_catalog.setval('public.images_imageid_seq', 69, true);


--
-- Name: total_system_statistics_totalsystemstatisticsid_seq; Type: SEQUENCE SET; Schema: public; Owner: postgres
--

SELECT pg_catalog.setval('public.total_system_statistics_totalsystemstatisticsid_seq', 11, true);


--
-- Name: types_of_changes_typeofchangeid_seq; Type: SEQUENCE SET; Schema: public; Owner: postgres
--

SELECT pg_catalog.setval('public.types_of_changes_typeofchangeid_seq', 4, true);


--
-- Name: unidentified_persons_unidentifiedpersonid_seq; Type: SEQUENCE SET; Schema: public; Owner: postgres
--

SELECT pg_catalog.setval('public.unidentified_persons_unidentifiedpersonid_seq', 6, true);


--
-- Name: access_data access_data_email_key; Type: CONSTRAINT; Schema: public; Owner: postgres
--

ALTER TABLE ONLY public.access_data
    ADD CONSTRAINT access_data_email_key UNIQUE (email);


--
-- Name: access_data access_data_name_key; Type: CONSTRAINT; Schema: public; Owner: postgres
--

ALTER TABLE ONLY public.access_data
    ADD CONSTRAINT access_data_name_key UNIQUE (name);


--
-- Name: access_data access_data_pkey; Type: CONSTRAINT; Schema: public; Owner: postgres
--

ALTER TABLE ONLY public.access_data
    ADD CONSTRAINT access_data_pkey PRIMARY KEY (accessdataid);


--
-- Name: identified_persons identified_persons_name_key; Type: CONSTRAINT; Schema: public; Owner: postgres
--

ALTER TABLE ONLY public.identified_persons
    ADD CONSTRAINT identified_persons_name_key UNIQUE (name);


--
-- Name: identified_persons identified_persons_pkey; Type: CONSTRAINT; Schema: public; Owner: postgres
--

ALTER TABLE ONLY public.identified_persons
    ADD CONSTRAINT identified_persons_pkey PRIMARY KEY (identifiedpersonid);


--
-- Name: images images_pkey; Type: CONSTRAINT; Schema: public; Owner: postgres
--

ALTER TABLE ONLY public.images
    ADD CONSTRAINT images_pkey PRIMARY KEY (imageid);


--
-- Name: total_system_statistics total_system_statistics_pkey; Type: CONSTRAINT; Schema: public; Owner: postgres
--

ALTER TABLE ONLY public.total_system_statistics
    ADD CONSTRAINT total_system_statistics_pkey PRIMARY KEY (totalsystemstatisticsid);


--
-- Name: types_of_changes types_of_changes_description_key; Type: CONSTRAINT; Schema: public; Owner: postgres
--

ALTER TABLE ONLY public.types_of_changes
    ADD CONSTRAINT types_of_changes_description_key UNIQUE (description);


--
-- Name: types_of_changes types_of_changes_pkey; Type: CONSTRAINT; Schema: public; Owner: postgres
--

ALTER TABLE ONLY public.types_of_changes
    ADD CONSTRAINT types_of_changes_pkey PRIMARY KEY (typeofchangeid);


--
-- Name: unidentified_persons unidentified_persons_pkey; Type: CONSTRAINT; Schema: public; Owner: postgres
--

ALTER TABLE ONLY public.unidentified_persons
    ADD CONSTRAINT unidentified_persons_pkey PRIMARY KEY (unidentifiedpersonid);


--
-- Name: access_data fk_access_data_identified_persons; Type: FK CONSTRAINT; Schema: public; Owner: postgres
--

ALTER TABLE ONLY public.access_data
    ADD CONSTRAINT fk_access_data_identified_persons FOREIGN KEY (identifiedpersonid) REFERENCES public.identified_persons(identifiedpersonid) ON DELETE SET NULL;


--
-- Name: images fk_image_identified_person; Type: FK CONSTRAINT; Schema: public; Owner: postgres
--

ALTER TABLE ONLY public.images
    ADD CONSTRAINT fk_image_identified_person FOREIGN KEY (identifiedpersonid) REFERENCES public.identified_persons(identifiedpersonid) ON DELETE CASCADE;


--
-- Name: images fk_image_unidentified_person; Type: FK CONSTRAINT; Schema: public; Owner: postgres
--

ALTER TABLE ONLY public.images
    ADD CONSTRAINT fk_image_unidentified_person FOREIGN KEY (unidentifiedpersonid) REFERENCES public.unidentified_persons(unidentifiedpersonid) ON DELETE CASCADE;


--
-- Name: total_system_statistics fk_total_system_statistics_type_of_changes; Type: FK CONSTRAINT; Schema: public; Owner: postgres
--

ALTER TABLE ONLY public.total_system_statistics
    ADD CONSTRAINT fk_total_system_statistics_type_of_changes FOREIGN KEY (typeofchangeid) REFERENCES public.types_of_changes(typeofchangeid);


--
-- PostgreSQL database dump complete
--

